semester_code,course_code,section_code,timestamp,seats_filled
F24,CS-101,A,2024-06-10 09:00:00,5
F24,CS-101,A,2024-06-10 10:00:00,14
F24,CS-101,A,2024-06-10 11:00:00,20
F24,CS-101,A,2024-06-10 12:00:00,25
F24,CS-101,A,2024-06-10 13:00:00,28
F24,CS-101,A,2024-06-10 14:00:00,31
F24,CS-101,A,2024-06-10 15:00:00,31
F24,CS-101,A,2024-06-10 16:00:00,36
F24,CS-101,A,2024-06-10 17:00:00,36
F24,CS-101,A,2024-06-10 18:00:00,38
F24,CS-101,A,2024-06-10 19:00:00,39
F24,CS-101,A,2024-06-10 20:00:00,39
F24,CS-101,A,2024-06-10 21:00:00,39
F24,CS-101,A,2024-06-10 22:00:00,39
F24,CS-101,A,2024-06-10 23:00:00,39
F24,CS-101,A,2024-06-11 00:00:00,39
F24,CS-101,A,2024-06-11 01:00:00,39
F24,CS-101,A,2024-06-11 02:00:00,39
F24,CS-101,A,2024-06-11 03:00:00,39
F24,CS-101,A,2024-06-11 04:00:00,39
F24,CS-101,A,2024-06-11 05:00:00,39
F24,CS-101,A,2024-06-11 06:00:00,39
F24,CS-101,A,2024-06-11 07:00:00,39
F24,CS-101,A,2024-06-11 08:00:00,39
F24,CS-101,A,2024-06-11 09:00:00,39
F24,CS-101,A,2024-06-11 13:00:00,39
F24,CS-101,A,2024-06-11 17:00:00,39
F24,CS-101,A,2024-06-11 21:00:00,39
F24,CS-101,A,2024-06-12 01:00:00,39
F24,CS-101,A,2024-06-12 05:00:00,39
F24,CS-101,A,2024-06-12 09:00:00,39
F24,CS-101,A,2024-06-12 13:00:00,39
F24,CS-101,A,2024-06-12 17:00:00,39
F24,CS-101,A,2024-06-12 21:00:00,39
F24,CS-101,A,2024-06-13 01:00:00,39
F24,CS-101,A,2024-06-13 05:00:00,40
F24,CS-101,A,2024-06-13 09:00:00,40
F24,CS-101,A,2024-06-13 13:00:00,40
F24,CS-101,A,2024-06-13 17:00:00,40
F24,CS-101,A,2024-06-13 21:00:00,40
F24,CS-101,A,2024-06-14 01:00:00,40
F24,CS-101,A,2024-06-14 05:00:00,40
F24,CS-101,A,2024-06-14 09:00:00,40
F24,CS-101,A,2024-06-14 13:00:00,40
F24,CS-101,A,2024-06-14 17:00:00,40
F24,CS-101,A,2024-06-14 21:00:00,40
F24,CS-101,A,2024-06-15 01:00:00,40
F24,CS-101,A,2024-06-15 05:00:00,40
F24,CS-101,A,2024-06-15 09:00:00,40
F24,CS-101,A,2024-06-15 13:00:00,40
F24,CS-101,A,2024-06-15 17:00:00,40
F24,CS-101,A,2024-06-15 21:00:00,40
F24,CS-101,A,2024-06-16 01:00:00,40
F24,CS-101,A,2024-06-16 05:00:00,40
F24,CS-101,A,2024-06-16 09:00:00,40
F24,CS-101,A,2024-06-16 13:00:00,40
F24,CS-101,A,2024-06-16 17:00:00,40
F24,CS-101,A,2024-06-16 21:00:00,40
F24,CS-101,A,2024-06-17 01:00:00,40
F24,CS-101,A,2024-06-17 05:00:00,40
F24,CS-101,A,2024-06-17 09:00:00,40
F24,CS-101,B,2024-06-10 09:00:00,0
F24,CS-101,B,2024-06-10 10:00:00,1
F24,CS-101,B,2024-06-10 11:00:00,3
F24,CS-101,B,2024-06-10 12:00:00,3
F24,CS-101,B,2024-06-10 13:00:00,3
F24,CS-101,B,2024-06-10 14:00:00,3
F24,CS-101,B,2024-06-10 15:00:00,3
F24,CS-101,B,2024-06-10 16:00:00,7
F24,CS-101,B,2024-06-10 17:00:00,7
F24,CS-101,B,2024-06-10 18:00:00,7
F24,CS-101,B,2024-06-10 19:00:00,7
F24,CS-101,B,2024-06-10 20:00:00,9
F24,CS-101,B,2024-06-10 21:00:00,9
F24,CS-101,B,2024-06-10 22:00:00,10
F24,CS-101,B,2024-06-10 23:00:00,10
F24,CS-101,B,2024-06-11 00:00:00,10
F24,CS-101,B,2024-06-11 01:00:00,10
F24,CS-101,B,2024-06-11 02:00:00,10
F24,CS-101,B,2024-06-11 03:00:00,11
F24,CS-101,B,2024-06-11 04:00:00,11
F24,CS-101,B,2024-06-11 05:00:00,13
F24,CS-101,B,2024-06-11 06:00:00,13
F24,CS-101,B,2024-06-11 07:00:00,13
F24,CS-101,B,2024-06-11 08:00:00,13
F24,CS-101,B,2024-06-11 09:00:00,13
F24,CS-101,B,2024-06-11 13:00:00,13
F24,CS-101,B,2024-06-11 17:00:00,18
F24,CS-101,B,2024-06-11 21:00:00,22
F24,CS-101,B,2024-06-12 01:00:00,26
F24,CS-101,B,2024-06-12 05:00:00,29
F24,CS-101,B,2024-06-12 09:00:00,35
F24,CS-101,B,2024-06-12 13:00:00,35
F24,CS-101,B,2024-06-12 17:00:00,40
F24,CS-101,B,2024-06-12 21:00:00,40
F24,CS-101,B,2024-06-13 01:00:00,42
F24,CS-101,B,2024-06-13 05:00:00,43
F24,CS-101,B,2024-06-13 09:00:00,43
F24,CS-101,B,2024-06-13 13:00:00,43
F24,CS-101,B,2024-06-13 17:00:00,44
F24,CS-101,B,2024-06-13 21:00:00,44
F24,CS-101,B,2024-06-14 01:00:00,44
F24,CS-101,B,2024-06-14 05:00:00,44
F24,CS-101,B,2024-06-14 09:00:00,44
F24,CS-101,B,2024-06-14 13:00:00,44
F24,CS-101,B,2024-06-14 17:00:00,44
F24,CS-101,B,2024-06-14 21:00:00,44
F24,CS-101,B,2024-06-15 01:00:00,44
F24,CS-101,B,2024-06-15 05:00:00,44
F24,CS-101,B,2024-06-15 09:00:00,44
F24,CS-101,B,2024-06-15 13:00:00,44
F24,CS-101,B,2024-06-15 17:00:00,44
F24,CS-101,B,2024-06-15 21:00:00,44
F24,CS-101,B,2024-06-16 01:00:00,44
F24,CS-101,B,2024-06-16 05:00:00,44
F24,CS-101,B,2024-06-16 09:00:00,44
F24,CS-101,B,2024-06-16 13:00:00,44
F24,CS-101,B,2024-06-16 17:00:00,44
F24,CS-101,B,2024-06-16 21:00:00,44
F24,CS-101,B,2024-06-17 01:00:00,44
F24,CS-101,B,2024-06-17 05:00:00,44
F24,CS-101,B,2024-06-17 09:00:00,44
F24,CS-201,A,2024-06-10 09:00:00,0
F24,CS-201,A,2024-06-10 10:00:00,4
F24,CS-201,A,2024-06-10 11:00:00,10
F24,CS-201,A,2024-06-10 12:00:00,11
F24,CS-201,A,2024-06-10 13:00:00,11
F24,CS-201,A,2024-06-10 14:00:00,11
F24,CS-201,A,2024-06-10 15:00:00,13
F24,CS-201,A,2024-06-10 16:00:00,14
F24,CS-201,A,2024-06-10 17:00:00,17
F24,CS-201,A,2024-06-10 18:00:00,18
F24,CS-201,A,2024-06-10 19:00:00,19
F24,CS-201,A,2024-06-10 20:00:00,25
F24,CS-201,A,2024-06-10 21:00:00,25
F24,CS-201,A,2024-06-10 22:00:00,25
F24,CS-201,A,2024-06-10 23:00:00,26
F24,CS-201,A,2024-06-11 00:00:00,31
F24,CS-201,A,2024-06-11 01:00:00,31
F24,CS-201,A,2024-06-11 02:00:00,32
F24,CS-201,A,2024-06-11 03:00:00,32
F24,CS-201,A,2024-06-11 04:00:00,32
F24,CS-201,A,2024-06-11 05:00:00,32
F24,CS-201,A,2024-06-11 06:00:00,32
F24,CS-201,A,2024-06-11 07:00:00,34
F24,CS-201,A,2024-06-11 08:00:00,34
F24,CS-201,A,2024-06-11 09:00:00,34
F24,CS-201,A,2024-06-11 13:00:00,34
F24,CS-201,A,2024-06-11 17:00:00,34
F24,CS-201,A,2024-06-11 21:00:00,34
F24,CS-201,A,2024-06-12 01:00:00,34
F24,CS-201,A,2024-06-12 05:00:00,34
F24,CS-201,A,2024-06-12 09:00:00,34
F24,CS-201,A,2024-06-12 13:00:00,34
F24,CS-201,A,2024-06-12 17:00:00,34
F24,CS-201,A,2024-06-12 21:00:00,34
F24,CS-201,A,2024-06-13 01:00:00,34
F24,CS-201,A,2024-06-13 05:00:00,34
F24,CS-201,A,2024-06-13 09:00:00,34
F24,CS-201,A,2024-06-13 13:00:00,34
F24,CS-201,A,2024-06-13 17:00:00,34
F24,CS-201,A,2024-06-13 21:00:00,34
F24,CS-201,A,2024-06-14 01:00:00,34
F24,CS-201,A,2024-06-14 05:00:00,34
F24,CS-201,A,2024-06-14 09:00:00,34
F24,CS-201,A,2024-06-14 13:00:00,34
F24,CS-201,A,2024-06-14 17:00:00,34
F24,CS-201,A,2024-06-14 21:00:00,34
F24,CS-201,A,2024-06-15 01:00:00,34
F24,CS-201,A,2024-06-15 05:00:00,34
F24,CS-201,A,2024-06-15 09:00:00,34
F24,CS-201,A,2024-06-15 13:00:00,34
F24,CS-201,A,2024-06-15 17:00:00,34
F24,CS-201,A,2024-06-15 21:00:00,35
F24,CS-201,A,2024-06-16 01:00:00,35
F24,CS-201,A,2024-06-16 05:00:00,35
F24,CS-201,A,2024-06-16 09:00:00,35
F24,CS-201,A,2024-06-16 13:00:00,35
F24,CS-201,A,2024-06-16 17:00:00,35
F24,CS-201,A,2024-06-16 21:00:00,35
F24,CS-201,A,2024-06-17 01:00:00,35
F24,CS-201,A,2024-06-17 05:00:00,35
F24,CS-201,A,2024-06-17 09:00:00,35
F24,CS-201,B,2024-06-10 09:00:00,0
F24,CS-201,B,2024-06-10 10:00:00,1
F24,CS-201,B,2024-06-10 11:00:00,4
F24,CS-201,B,2024-06-10 12:00:00,4
F24,CS-201,B,2024-06-10 13:00:00,4
F24,CS-201,B,2024-06-10 14:00:00,4
F24,CS-201,B,2024-06-10 15:00:00,4
F24,CS-201,B,2024-06-10 16:00:00,4
F24,CS-201,B,2024-06-10 17:00:00,4
F24,CS-201,B,2024-06-10 18:00:00,4
F24,CS-201,B,2024-06-10 19:00:00,4
F24,CS-201,B,2024-06-10 20:00:00,4
F24,CS-201,B,2024-06-10 21:00:00,4
F24,CS-201,B,2024-06-10 22:00:00,5
F24,CS-201,B,2024-06-10 23:00:00,5
F24,CS-201,B,2024-06-11 00:00:00,5
F24,CS-201,B,2024-06-11 01:00:00,5
F24,CS-201,B,2024-06-11 02:00:00,5
F24,CS-201,B,2024-06-11 03:00:00,5
F24,CS-201,B,2024-06-11 04:00:00,5
F24,CS-201,B,2024-06-11 05:00:00,5
F24,CS-201,B,2024-06-11 06:00:00,5
F24,CS-201,B,2024-06-11 07:00:00,5
F24,CS-201,B,2024-06-11 08:00:00,5
F24,CS-201,B,2024-06-11 09:00:00,5
F24,CS-201,B,2024-06-11 13:00:00,5
F24,CS-201,B,2024-06-11 17:00:00,5
F24,CS-201,B,2024-06-11 21:00:00,7
F24,CS-201,B,2024-06-12 01:00:00,7
F24,CS-201,B,2024-06-12 05:00:00,7
F24,CS-201,B,2024-06-12 09:00:00,7
F24,CS-201,B,2024-06-12 13:00:00,7
F24,CS-201,B,2024-06-12 17:00:00,10
F24,CS-201,B,2024-06-12 21:00:00,10
F24,CS-201,B,2024-06-13 01:00:00,10
F24,CS-201,B,2024-06-13 05:00:00,10
F24,CS-201,B,2024-06-13 09:00:00,10
F24,CS-201,B,2024-06-13 13:00:00,10
F24,CS-201,B,2024-06-13 17:00:00,13
F24,CS-201,B,2024-06-13 21:00:00,15
F24,CS-201,B,2024-06-14 01:00:00,15
F24,CS-201,B,2024-06-14 05:00:00,16
F24,CS-201,B,2024-06-14 09:00:00,17
F24,CS-201,B,2024-06-14 13:00:00,18
F24,CS-201,B,2024-06-14 17:00:00,19
F24,CS-201,B,2024-06-14 21:00:00,21
F24,CS-201,B,2024-06-15 01:00:00,21
F24,CS-201,B,2024-06-15 05:00:00,21
F24,CS-201,B,2024-06-15 09:00:00,26
F24,CS-201,B,2024-06-15 13:00:00,26
F24,CS-201,B,2024-06-15 17:00:00,27
F24,CS-201,B,2024-06-15 21:00:00,28
F24,CS-201,B,2024-06-16 01:00:00,29
F24,CS-201,B,2024-06-16 05:00:00,29
F24,CS-201,B,2024-06-16 09:00:00,31
F24,CS-201,B,2024-06-16 13:00:00,31
F24,CS-201,B,2024-06-16 17:00:00,32
F24,CS-201,B,2024-06-16 21:00:00,32
F24,CS-201,B,2024-06-17 01:00:00,32
F24,CS-201,B,2024-06-17 05:00:00,32
F24,CS-201,B,2024-06-17 09:00:00,32
F24,MATH-101,A,2024-06-10 09:00:00,2
F24,MATH-101,A,2024-06-10 10:00:00,6
F24,MATH-101,A,2024-06-10 11:00:00,8
F24,MATH-101,A,2024-06-10 12:00:00,14
F24,MATH-101,A,2024-06-10 13:00:00,14
F24,MATH-101,A,2024-06-10 14:00:00,15
F24,MATH-101,A,2024-06-10 15:00:00,21
F24,MATH-101,A,2024-06-10 16:00:00,21
F24,MATH-101,A,2024-06-10 17:00:00,25
F24,MATH-101,A,2024-06-10 18:00:00,26
F24,MATH-101,A,2024-06-10 19:00:00,29
F24,MATH-101,A,2024-06-10 20:00:00,36
F24,MATH-101,A,2024-06-10 21:00:00,37
F24,MATH-101,A,2024-06-10 22:00:00,37
F24,MATH-101,A,2024-06-10 23:00:00,37
F24,MATH-101,A,2024-06-11 00:00:00,42
F24,MATH-101,A,2024-06-11 01:00:00,42
F24,MATH-101,A,2024-06-11 02:00:00,43
F24,MATH-101,A,2024-06-11 03:00:00,45
F24,MATH-101,A,2024-06-11 04:00:00,47
F24,MATH-101,A,2024-06-11 05:00:00,47
F24,MATH-101,A,2024-06-11 06:00:00,47
F24,MATH-101,A,2024-06-11 07:00:00,48
F24,MATH-101,A,2024-06-11 08:00:00,49
F24,MATH-101,A,2024-06-11 09:00:00,49
F24,MATH-101,A,2024-06-11 13:00:00,49
F24,MATH-101,A,2024-06-11 17:00:00,49
F24,MATH-101,A,2024-06-11 21:00:00,49
F24,MATH-101,A,2024-06-12 01:00:00,49
F24,MATH-101,A,2024-06-12 05:00:00,49
F24,MATH-101,A,2024-06-12 09:00:00,49
F24,MATH-101,A,2024-06-12 13:00:00,49
F24,MATH-101,A,2024-06-12 17:00:00,49
F24,MATH-101,A,2024-06-12 21:00:00,49
F24,MATH-101,A,2024-06-13 01:00:00,49
F24,MATH-101,A,2024-06-13 05:00:00,49
F24,MATH-101,A,2024-06-13 09:00:00,49
F24,MATH-101,A,2024-06-13 13:00:00,49
F24,MATH-101,A,2024-06-13 17:00:00,49
F24,MATH-101,A,2024-06-13 21:00:00,49
F24,MATH-101,A,2024-06-14 01:00:00,49
F24,MATH-101,A,2024-06-14 05:00:00,49
F24,MATH-101,A,2024-06-14 09:00:00,49
F24,MATH-101,A,2024-06-14 13:00:00,49
F24,MATH-101,A,2024-06-14 17:00:00,49
F24,MATH-101,A,2024-06-14 21:00:00,49
F24,MATH-101,A,2024-06-15 01:00:00,49
F24,MATH-101,A,2024-06-15 05:00:00,49
F24,MATH-101,A,2024-06-15 09:00:00,49
F24,MATH-101,A,2024-06-15 13:00:00,49
F24,MATH-101,A,2024-06-15 17:00:00,49
F24,MATH-101,A,2024-06-15 21:00:00,49
F24,MATH-101,A,2024-06-16 01:00:00,49
F24,MATH-101,A,2024-06-16 05:00:00,50
F24,MATH-101,A,2024-06-16 09:00:00,50
F24,MATH-101,A,2024-06-16 13:00:00,50
F24,MATH-101,A,2024-06-16 17:00:00,50
F24,MATH-101,A,2024-06-16 21:00:00,50
F24,MATH-101,A,2024-06-17 01:00:00,50
F24,MATH-101,A,2024-06-17 05:00:00,50
F24,MATH-101,A,2024-06-17 09:00:00,50
F24,MATH-101,B,2024-06-10 09:00:00,6
F24,MATH-101,B,2024-06-10 10:00:00,19
F24,MATH-101,B,2024-06-10 11:00:00,25
F24,MATH-101,B,2024-06-10 12:00:00,28
F24,MATH-101,B,2024-06-10 13:00:00,37
F24,MATH-101,B,2024-06-10 14:00:00,37
F24,MATH-101,B,2024-06-10 15:00:00,40
F24,MATH-101,B,2024-06-10 16:00:00,45
F24,MATH-101,B,2024-06-10 17:00:00,47
F24,MATH-101,B,2024-06-10 18:00:00,47
F24,MATH-101,B,2024-06-10 19:00:00,47
F24,MATH-101,B,2024-06-10 20:00:00,49
F24,MATH-101,B,2024-06-10 21:00:00,49
F24,MATH-101,B,2024-06-10 22:00:00,49
F24,MATH-101,B,2024-06-10 23:00:00,49
F24,MATH-101,B,2024-06-11 00:00:00,49
F24,MATH-101,B,2024-06-11 01:00:00,49
F24,MATH-101,B,2024-06-11 02:00:00,49
F24,MATH-101,B,2024-06-11 03:00:00,49
F24,MATH-101,B,2024-06-11 04:00:00,49
F24,MATH-101,B,2024-06-11 05:00:00,49
F24,MATH-101,B,2024-06-11 06:00:00,49
F24,MATH-101,B,2024-06-11 07:00:00,49
F24,MATH-101,B,2024-06-11 08:00:00,49
F24,MATH-101,B,2024-06-11 09:00:00,49
F24,MATH-101,B,2024-06-11 13:00:00,49
F24,MATH-101,B,2024-06-11 17:00:00,49
F24,MATH-101,B,2024-06-11 21:00:00,49
F24,MATH-101,B,2024-06-12 01:00:00,49
F24,MATH-101,B,2024-06-12 05:00:00,49
F24,MATH-101,B,2024-06-12 09:00:00,49
F24,MATH-101,B,2024-06-12 13:00:00,49
F24,MATH-101,B,2024-06-12 17:00:00,49
F24,MATH-101,B,2024-06-12 21:00:00,49
F24,MATH-101,B,2024-06-13 01:00:00,49
F24,MATH-101,B,2024-06-13 05:00:00,49
F24,MATH-101,B,2024-06-13 09:00:00,50
F24,MATH-101,B,2024-06-13 13:00:00,50
F24,MATH-101,B,2024-06-13 17:00:00,50
F24,MATH-101,B,2024-06-13 21:00:00,50
F24,MATH-101,B,2024-06-14 01:00:00,50
F24,MATH-101,B,2024-06-14 05:00:00,50
F24,MATH-101,B,2024-06-14 09:00:00,50
F24,MATH-101,B,2024-06-14 13:00:00,50
F24,MATH-101,B,2024-06-14 17:00:00,50
F24,MATH-101,B,2024-06-14 21:00:00,50
F24,MATH-101,B,2024-06-15 01:00:00,50
F24,MATH-101,B,2024-06-15 05:00:00,50
F24,MATH-101,B,2024-06-15 09:00:00,50
F24,MATH-101,B,2024-06-15 13:00:00,50
F24,MATH-101,B,2024-06-15 17:00:00,50
F24,MATH-101,B,2024-06-15 21:00:00,50
F24,MATH-101,B,2024-06-16 01:00:00,50
F24,MATH-101,B,2024-06-16 05:00:00,50
F24,MATH-101,B,2024-06-16 09:00:00,50
F24,MATH-101,B,2024-06-16 13:00:00,50
F24,MATH-101,B,2024-06-16 17:00:00,50
F24,MATH-101,B,2024-06-16 21:00:00,50
F24,MATH-101,B,2024-06-17 01:00:00,50
F24,MATH-101,B,2024-06-17 05:00:00,50
F24,MATH-101,B,2024-06-17 09:00:00,50
F24,LIT-150,A,2024-06-10 09:00:00,0
F24,LIT-150,A,2024-06-10 10:00:00,2
F24,LIT-150,A,2024-06-10 11:00:00,2
F24,LIT-150,A,2024-06-10 12:00:00,2
F24,LIT-150,A,2024-06-10 13:00:00,4
F24,LIT-150,A,2024-06-10 14:00:00,4
F24,LIT-150,A,2024-06-10 15:00:00,4
F24,LIT-150,A,2024-06-10 16:00:00,4
F24,LIT-150,A,2024-06-10 17:00:00,4
F24,LIT-150,A,2024-06-10 18:00:00,4
F24,LIT-150,A,2024-06-10 19:00:00,5
F24,LIT-150,A,2024-06-10 20:00:00,5
F24,LIT-150,A,2024-06-10 21:00:00,5
F24,LIT-150,A,2024-06-10 22:00:00,5
F24,LIT-150,A,2024-06-10 23:00:00,5
F24,LIT-150,A,2024-06-11 00:00:00,5
F24,LIT-150,A,2024-06-11 01:00:00,5
F24,LIT-150,A,2024-06-11 02:00:00,5
F24,LIT-150,A,2024-06-11 03:00:00,5
F24,LIT-150,A,2024-06-11 04:00:00,5
F24,LIT-150,A,2024-06-11 05:00:00,5
F24,LIT-150,A,2024-06-11 06:00:00,5
F24,LIT-150,A,2024-06-11 07:00:00,5
F24,LIT-150,A,2024-06-11 08:00:00,6
F24,LIT-150,A,2024-06-11 09:00:00,6
F24,LIT-150,A,2024-06-11 13:00:00,6
F24,LIT-150,A,2024-06-11 17:00:00,6
F24,LIT-150,A,2024-06-11 21:00:00,6
F24,LIT-150,A,2024-06-12 01:00:00,8
F24,LIT-150,A,2024-06-12 05:00:00,8
F24,LIT-150,A,2024-06-12 09:00:00,9
F24,LIT-150,A,2024-06-12 13:00:00,9
F24,LIT-150,A,2024-06-12 17:00:00,10
F24,LIT-150,A,2024-06-12 21:00:00,10
F24,LIT-150,A,2024-06-13 01:00:00,11
F24,LIT-150,A,2024-06-13 05:00:00,12
F24,LIT-150,A,2024-06-13 09:00:00,12
F24,LIT-150,A,2024-06-13 13:00:00,13
F24,LIT-150,A,2024-06-13 17:00:00,13
F24,LIT-150,A,2024-06-13 21:00:00,13
F24,LIT-150,A,2024-06-14 01:00:00,13
F24,LIT-150,A,2024-06-14 05:00:00,13
F24,LIT-150,A,2024-06-14 09:00:00,15
F24,LIT-150,A,2024-06-14 13:00:00,15
F24,LIT-150,A,2024-06-14 17:00:00,15
F24,LIT-150,A,2024-06-14 21:00:00,15
F24,LIT-150,A,2024-06-15 01:00:00,17
F24,LIT-150,A,2024-06-15 05:00:00,17
F24,LIT-150,A,2024-06-15 09:00:00,17
F24,LIT-150,A,2024-06-15 13:00:00,17
F24,LIT-150,A,2024-06-15 17:00:00,17
F24,LIT-150,A,2024-06-15 21:00:00,17
F24,LIT-150,A,2024-06-16 01:00:00,17
F24,LIT-150,A,2024-06-16 05:00:00,17
F24,LIT-150,A,2024-06-16 09:00:00,17
F24,LIT-150,A,2024-06-16 13:00:00,17
F24,LIT-150,A,2024-06-16 17:00:00,17
F24,LIT-150,A,2024-06-16 21:00:00,17
F24,LIT-150,A,2024-06-17 01:00:00,17
F24,LIT-150,A,2024-06-17 05:00:00,17
F24,LIT-150,A,2024-06-17 09:00:00,17
F24,HIST-101,A,2024-06-10 09:00:00,0
F24,HIST-101,A,2024-06-10 10:00:00,3
F24,HIST-101,A,2024-06-10 11:00:00,3
F24,HIST-101,A,2024-06-10 12:00:00,8
F24,HIST-101,A,2024-06-10 13:00:00,8
F24,HIST-101,A,2024-06-10 14:00:00,8
F24,HIST-101,A,2024-06-10 15:00:00,8
F24,HIST-101,A,2024-06-10 16:00:00,8
F24,HIST-101,A,2024-06-10 17:00:00,8
F24,HIST-101,A,2024-06-10 18:00:00,12
F24,HIST-101,A,2024-06-10 19:00:00,12
F24,HIST-101,A,2024-06-10 20:00:00,12
F24,HIST-101,A,2024-06-10 21:00:00,12
F24,HIST-101,A,2024-06-10 22:00:00,12
F24,HIST-101,A,2024-06-10 23:00:00,12
F24,HIST-101,A,2024-06-11 00:00:00,12
F24,HIST-101,A,2024-06-11 01:00:00,15
F24,HIST-101,A,2024-06-11 02:00:00,15
F24,HIST-101,A,2024-06-11 03:00:00,15
F24,HIST-101,A,2024-06-11 04:00:00,15
F24,HIST-101,A,2024-06-11 05:00:00,15
F24,HIST-101,A,2024-06-11 06:00:00,15
F24,HIST-101,A,2024-06-11 07:00:00,16
F24,HIST-101,A,2024-06-11 08:00:00,17
F24,HIST-101,A,2024-06-11 09:00:00,17
F24,HIST-101,A,2024-06-11 13:00:00,24
F24,HIST-101,A,2024-06-11 17:00:00,24
F24,HIST-101,A,2024-06-11 21:00:00,30
F24,HIST-101,A,2024-06-12 01:00:00,35
F24,HIST-101,A,2024-06-12 05:00:00,36
F24,HIST-101,A,2024-06-12 09:00:00,41
F24,HIST-101,A,2024-06-12 13:00:00,49
F24,HIST-101,A,2024-06-12 17:00:00,53
F24,HIST-101,A,2024-06-12 21:00:00,53
F24,HIST-101,A,2024-06-13 01:00:00,55
F24,HIST-101,A,2024-06-13 05:00:00,55
F24,HIST-101,A,2024-06-13 09:00:00,56
F24,HIST-101,A,2024-06-13 13:00:00,57
F24,HIST-101,A,2024-06-13 17:00:00,58
F24,HIST-101,A,2024-06-13 21:00:00,58
F24,HIST-101,A,2024-06-14 01:00:00,58
F24,HIST-101,A,2024-06-14 05:00:00,59
F24,HIST-101,A,2024-06-14 09:00:00,59
F24,HIST-101,A,2024-06-14 13:00:00,59
F24,HIST-101,A,2024-06-14 17:00:00,59
F24,HIST-101,A,2024-06-14 21:00:00,59
F24,HIST-101,A,2024-06-15 01:00:00,59
F24,HIST-101,A,2024-06-15 05:00:00,59
F24,HIST-101,A,2024-06-15 09:00:00,59
F24,HIST-101,A,2024-06-15 13:00:00,59
F24,HIST-101,A,2024-06-15 17:00:00,59
F24,HIST-101,A,2024-06-15 21:00:00,59
F24,HIST-101,A,2024-06-16 01:00:00,59
F24,HIST-101,A,2024-06-16 05:00:00,59
F24,HIST-101,A,2024-06-16 09:00:00,59
F24,HIST-101,A,2024-06-16 13:00:00,59
F24,HIST-101,A,2024-06-16 17:00:00,59
F24,HIST-101,A,2024-06-16 21:00:00,59
F24,HIST-101,A,2024-06-17 01:00:00,59
F24,HIST-101,A,2024-06-17 05:00:00,59
F24,HIST-101,A,2024-06-17 09:00:00,59
F24,CHEM-101,A,2024-06-10 09:00:00,0
F24,CHEM-101,A,2024-06-10 10:00:00,7
F24,CHEM-101,A,2024-06-10 11:00:00,7
F24,CHEM-101,A,2024-06-10 12:00:00,12
F24,CHEM-101,A,2024-06-10 13:00:00,12
F24,CHEM-101,A,2024-06-10 14:00:00,12
F24,CHEM-101,A,2024-06-10 15:00:00,12
F24,CHEM-101,A,2024-06-10 16:00:00,12
F24,CHEM-101,A,2024-06-10 17:00:00,12
F24,CHEM-101,A,2024-06-10 18:00:00,12
F24,CHEM-101,A,2024-06-10 19:00:00,12
F24,CHEM-101,A,2024-06-10 20:00:00,12
F24,CHEM-101,A,2024-06-10 21:00:00,12
F24,CHEM-101,A,2024-06-10 22:00:00,14
F24,CHEM-101,A,2024-06-10 23:00:00,19
F24,CHEM-101,A,2024-06-11 00:00:00,19
F24,CHEM-101,A,2024-06-11 01:00:00,19
F24,CHEM-101,A,2024-06-11 02:00:00,19
F24,CHEM-101,A,2024-06-11 03:00:00,19
F24,CHEM-101,A,2024-06-11 04:00:00,19
F24,CHEM-101,A,2024-06-11 05:00:00,19
F24,CHEM-101,A,2024-06-11 06:00:00,22
F24,CHEM-101,A,2024-06-11 07:00:00,22
F24,CHEM-101,A,2024-06-11 08:00:00,22
F24,CHEM-101,A,2024-06-11 09:00:00,24
F24,CHEM-101,A,2024-06-11 13:00:00,24
F24,CHEM-101,A,2024-06-11 17:00:00,31
F24,CHEM-101,A,2024-06-11 21:00:00,40
F24,CHEM-101,A,2024-06-12 01:00:00,47
F24,CHEM-101,A,2024-06-12 05:00:00,53
F24,CHEM-101,A,2024-06-12 09:00:00,58
F24,CHEM-101,A,2024-06-12 13:00:00,62
F24,CHEM-101,A,2024-06-12 17:00:00,72
F24,CHEM-101,A,2024-06-12 21:00:00,73
F24,CHEM-101,A,2024-06-13 01:00:00,75
F24,CHEM-101,A,2024-06-13 05:00:00,75
F24,CHEM-101,A,2024-06-13 09:00:00,78
F24,CHEM-101,A,2024-06-13 13:00:00,78
F24,CHEM-101,A,2024-06-13 17:00:00,78
F24,CHEM-101,A,2024-06-13 21:00:00,78
F24,CHEM-101,A,2024-06-14 01:00:00,78
F24,CHEM-101,A,2024-06-14 05:00:00,78
F24,CHEM-101,A,2024-06-14 09:00:00,79
F24,CHEM-101,A,2024-06-14 13:00:00,79
F24,CHEM-101,A,2024-06-14 17:00:00,79
F24,CHEM-101,A,2024-06-14 21:00:00,79
F24,CHEM-101,A,2024-06-15 01:00:00,79
F24,CHEM-101,A,2024-06-15 05:00:00,79
F24,CHEM-101,A,2024-06-15 09:00:00,79
F24,CHEM-101,A,2024-06-15 13:00:00,79
F24,CHEM-101,A,2024-06-15 17:00:00,79
F24,CHEM-101,A,2024-06-15 21:00:00,79
F24,CHEM-101,A,2024-06-16 01:00:00,79
F24,CHEM-101,A,2024-06-16 05:00:00,79
F24,CHEM-101,A,2024-06-16 09:00:00,79
F24,CHEM-101,A,2024-06-16 13:00:00,79
F24,CHEM-101,A,2024-06-16 17:00:00,79
F24,CHEM-101,A,2024-06-16 21:00:00,79
F24,CHEM-101,A,2024-06-17 01:00:00,79
F24,CHEM-101,A,2024-06-17 05:00:00,79
F24,CHEM-101,A,2024-06-17 09:00:00,79
F24,CHEM-101,B,2024-06-10 09:00:00,0
F24,CHEM-101,B,2024-06-10 10:00:00,0
F24,CHEM-101,B,2024-06-10 11:00:00,0
F24,CHEM-101,B,2024-06-10 12:00:00,2
F24,CHEM-101,B,2024-06-10 13:00:00,2
F24,CHEM-101,B,2024-06-10 14:00:00,2
F24,CHEM-101,B,2024-06-10 15:00:00,3
F24,CHEM-101,B,2024-06-10 16:00:00,3
F24,CHEM-101,B,2024-06-10 17:00:00,3
F24,CHEM-101,B,2024-06-10 18:00:00,10
F24,CHEM-101,B,2024-06-10 19:00:00,10
F24,CHEM-101,B,2024-06-10 20:00:00,10
F24,CHEM-101,B,2024-06-10 21:00:00,10
F24,CHEM-101,B,2024-06-10 22:00:00,10
F24,CHEM-101,B,2024-06-10 23:00:00,10
F24,CHEM-101,B,2024-06-11 00:00:00,10
F24,CHEM-101,B,2024-06-11 01:00:00,12
F24,CHEM-101,B,2024-06-11 02:00:00,12
F24,CHEM-101,B,2024-06-11 03:00:00,12
F24,CHEM-101,B,2024-06-11 04:00:00,12
F24,CHEM-101,B,2024-06-11 05:00:00,12
F24,CHEM-101,B,2024-06-11 06:00:00,12
F24,CHEM-101,B,2024-06-11 07:00:00,12
F24,CHEM-101,B,2024-06-11 08:00:00,12
F24,CHEM-101,B,2024-06-11 09:00:00,12
F24,CHEM-101,B,2024-06-11 13:00:00,12
F24,CHEM-101,B,2024-06-11 17:00:00,12
F24,CHEM-101,B,2024-06-11 21:00:00,12
F24,CHEM-101,B,2024-06-12 01:00:00,16
F24,CHEM-101,B,2024-06-12 05:00:00,16
F24,CHEM-101,B,2024-06-12 09:00:00,18
F24,CHEM-101,B,2024-06-12 13:00:00,18
F24,CHEM-101,B,2024-06-12 17:00:00,20
F24,CHEM-101,B,2024-06-12 21:00:00,23
F24,CHEM-101,B,2024-06-13 01:00:00,26
F24,CHEM-101,B,2024-06-13 05:00:00,26
F24,CHEM-101,B,2024-06-13 09:00:00,26
F24,CHEM-101,B,2024-06-13 13:00:00,30
F24,CHEM-101,B,2024-06-13 17:00:00,32
F24,CHEM-101,B,2024-06-13 21:00:00,33
F24,CHEM-101,B,2024-06-14 01:00:00,36
F24,CHEM-101,B,2024-06-14 05:00:00,37
F24,CHEM-101,B,2024-06-14 09:00:00,40
F24,CHEM-101,B,2024-06-14 13:00:00,43
F24,CHEM-101,B,2024-06-14 17:00:00,45
F24,CHEM-101,B,2024-06-14 21:00:00,46
F24,CHEM-101,B,2024-06-15 01:00:00,48
F24,CHEM-101,B,2024-06-15 05:00:00,48
F24,CHEM-101,B,2024-06-15 09:00:00,51
F24,CHEM-101,B,2024-06-15 13:00:00,57
F24,CHEM-101,B,2024-06-15 17:00:00,59
F24,CHEM-101,B,2024-06-15 21:00:00,59
F24,CHEM-101,B,2024-06-16 01:00:00,63
F24,CHEM-101,B,2024-06-16 05:00:00,63
F24,CHEM-101,B,2024-06-16 09:00:00,63
F24,CHEM-101,B,2024-06-16 13:00:00,63
F24,CHEM-101,B,2024-06-16 17:00:00,63
F24,CHEM-101,B,2024-06-16 21:00:00,71
F24,CHEM-101,B,2024-06-17 01:00:00,75
F24,CHEM-101,B,2024-06-17 05:00:00,75
F24,CHEM-101,B,2024-06-17 09:00:00,75
S25,CS-101,A,2025-11-05 09:00:00,4
S25,CS-101,A,2025-11-05 10:00:00,16
S25,CS-101,A,2025-11-05 11:00:00,20
S25,CS-101,A,2025-11-05 12:00:00,23
S25,CS-101,A,2025-11-05 13:00:00,30
S25,CS-101,A,2025-11-05 14:00:00,32
S25,CS-101,A,2025-11-05 15:00:00,32
S25,CS-101,A,2025-11-05 16:00:00,32
S25,CS-101,A,2025-11-05 17:00:00,37
S25,CS-101,A,2025-11-05 18:00:00,38
S25,CS-101,A,2025-11-05 19:00:00,38
S25,CS-101,A,2025-11-05 20:00:00,39
S25,CS-101,A,2025-11-05 21:00:00,39
S25,CS-101,A,2025-11-05 22:00:00,39
S25,CS-101,A,2025-11-05 23:00:00,39
S25,CS-101,A,2025-11-06 00:00:00,39
S25,CS-101,A,2025-11-06 01:00:00,39
S25,CS-101,A,2025-11-06 02:00:00,39
S25,CS-101,A,2025-11-06 03:00:00,39
S25,CS-101,A,2025-11-06 04:00:00,39
S25,CS-101,A,2025-11-06 05:00:00,39
S25,CS-101,A,2025-11-06 06:00:00,39
S25,CS-101,A,2025-11-06 07:00:00,39
S25,CS-101,A,2025-11-06 08:00:00,39
S25,CS-101,A,2025-11-06 09:00:00,39
S25,CS-101,A,2025-11-06 13:00:00,39
S25,CS-101,A,2025-11-06 17:00:00,39
S25,CS-101,A,2025-11-06 21:00:00,39
S25,CS-101,A,2025-11-07 01:00:00,39
S25,CS-101,A,2025-11-07 05:00:00,39
S25,CS-101,A,2025-11-07 09:00:00,39
S25,CS-101,A,2025-11-07 13:00:00,39
S25,CS-101,A,2025-11-07 17:00:00,39
S25,CS-101,A,2025-11-07 21:00:00,39
S25,CS-101,A,2025-11-08 01:00:00,39
S25,CS-101,A,2025-11-08 05:00:00,39
S25,CS-101,A,2025-11-08 09:00:00,40
S25,CS-101,A,2025-11-08 13:00:00,40
S25,CS-101,A,2025-11-08 17:00:00,40
S25,CS-101,A,2025-11-08 21:00:00,40
S25,CS-101,A,2025-11-09 01:00:00,40
S25,CS-101,A,2025-11-09 05:00:00,40
S25,CS-101,A,2025-11-09 09:00:00,40
S25,CS-101,A,2025-11-09 13:00:00,40
S25,CS-101,A,2025-11-09 17:00:00,40
S25,CS-101,A,2025-11-09 21:00:00,40
S25,CS-101,A,2025-11-10 01:00:00,40
S25,CS-101,A,2025-11-10 05:00:00,40
S25,CS-101,A,2025-11-10 09:00:00,40
S25,CS-101,A,2025-11-10 13:00:00,40
S25,CS-101,A,2025-11-10 17:00:00,40
S25,CS-101,A,2025-11-10 21:00:00,40
S25,CS-101,A,2025-11-11 01:00:00,40
S25,CS-101,A,2025-11-11 05:00:00,40
S25,CS-101,A,2025-11-11 09:00:00,40
S25,CS-101,A,2025-11-11 13:00:00,40
S25,CS-101,A,2025-11-11 17:00:00,40
S25,CS-101,A,2025-11-11 21:00:00,40
S25,CS-101,A,2025-11-12 01:00:00,40
S25,CS-101,A,2025-11-12 05:00:00,40
S25,CS-101,A,2025-11-12 09:00:00,40
S25,CS-101,B,2025-11-05 09:00:00,0
S25,CS-101,B,2025-11-05 10:00:00,2
S25,CS-101,B,2025-11-05 11:00:00,6
S25,CS-101,B,2025-11-05 12:00:00,6
S25,CS-101,B,2025-11-05 13:00:00,6
S25,CS-101,B,2025-11-05 14:00:00,7
S25,CS-101,B,2025-11-05 15:00:00,7
S25,CS-101,B,2025-11-05 16:00:00,8
S25,CS-101,B,2025-11-05 17:00:00,8
S25,CS-101,B,2025-11-05 18:00:00,8
S25,CS-101,B,2025-11-05 19:00:00,9
S25,CS-101,B,2025-11-05 20:00:00,9
S25,CS-101,B,2025-11-05 21:00:00,9
S25,CS-101,B,2025-11-05 22:00:00,9
S25,CS-101,B,2025-11-05 23:00:00,9
S25,CS-101,B,2025-11-06 00:00:00,9
S25,CS-101,B,2025-11-06 01:00:00,9
S25,CS-101,B,2025-11-06 02:00:00,9
S25,CS-101,B,2025-11-06 03:00:00,9
S25,CS-101,B,2025-11-06 04:00:00,9
S25,CS-101,B,2025-11-06 05:00:00,9
S25,CS-101,B,2025-11-06 06:00:00,9
S25,CS-101,B,2025-11-06 07:00:00,9
S25,CS-101,B,2025-11-06 08:00:00,9
S25,CS-101,B,2025-11-06 09:00:00,14
S25,CS-101,B,2025-11-06 13:00:00,16
S25,CS-101,B,2025-11-06 17:00:00,20
S25,CS-101,B,2025-11-06 21:00:00,22
S25,CS-101,B,2025-11-07 01:00:00,26
S25,CS-101,B,2025-11-07 05:00:00,30
S25,CS-101,B,2025-11-07 09:00:00,33
S25,CS-101,B,2025-11-07 13:00:00,33
S25,CS-101,B,2025-11-07 17:00:00,33
S25,CS-101,B,2025-11-07 21:00:00,41
S25,CS-101,B,2025-11-08 01:00:00,41
S25,CS-101,B,2025-11-08 05:00:00,41
S25,CS-101,B,2025-11-08 09:00:00,41
S25,CS-101,B,2025-11-08 13:00:00,44
S25,CS-101,B,2025-11-08 17:00:00,44
S25,CS-101,B,2025-11-08 21:00:00,44
S25,CS-101,B,2025-11-09 01:00:00,44
S25,CS-101,B,2025-11-09 05:00:00,44
S25,CS-101,B,2025-11-09 09:00:00,44
S25,CS-101,B,2025-11-09 13:00:00,44
S25,CS-101,B,2025-11-09 17:00:00,44
S25,CS-101,B,2025-11-09 21:00:00,44
S25,CS-101,B,2025-11-10 01:00:00,44
S25,CS-101,B,2025-11-10 05:00:00,44
S25,CS-101,B,2025-11-10 09:00:00,44
S25,CS-101,B,2025-11-10 13:00:00,44
S25,CS-101,B,2025-11-10 17:00:00,44
S25,CS-101,B,2025-11-10 21:00:00,44
S25,CS-101,B,2025-11-11 01:00:00,44
S25,CS-101,B,2025-11-11 05:00:00,44
S25,CS-101,B,2025-11-11 09:00:00,44
S25,CS-101,B,2025-11-11 13:00:00,44
S25,CS-101,B,2025-11-11 17:00:00,44
S25,CS-101,B,2025-11-11 21:00:00,44
S25,CS-101,B,2025-11-12 01:00:00,44
S25,CS-101,B,2025-11-12 05:00:00,44
S25,CS-101,B,2025-11-12 09:00:00,44
S25,CS-201,A,2025-11-05 09:00:00,0
S25,CS-201,A,2025-11-05 10:00:00,4
S25,CS-201,A,2025-11-05 11:00:00,5
S25,CS-201,A,2025-11-05 12:00:00,8
S25,CS-201,A,2025-11-05 13:00:00,11
S25,CS-201,A,2025-11-05 14:00:00,13
S25,CS-201,A,2025-11-05 15:00:00,13
S25,CS-201,A,2025-11-05 16:00:00,16
S25,CS-201,A,2025-11-05 17:00:00,17
S25,CS-201,A,2025-11-05 18:00:00,20
S25,CS-201,A,2025-11-05 19:00:00,20
S25,CS-201,A,2025-11-05 20:00:00,25
S25,CS-201,A,2025-11-05 21:00:00,25
S25,CS-201,A,2025-11-05 22:00:00,27
S25,CS-201,A,2025-11-05 23:00:00,28
S25,CS-201,A,2025-11-06 00:00:00,30
S25,CS-201,A,2025-11-06 01:00:00,30
S25,CS-201,A,2025-11-06 02:00:00,30
S25,CS-201,A,2025-11-06 03:00:00,32
S25,CS-201,A,2025-11-06 04:00:00,32
S25,CS-201,A,2025-11-06 05:00:00,33
S25,CS-201,A,2025-11-06 06:00:00,33
S25,CS-201,A,2025-11-06 07:00:00,33
S25,CS-201,A,2025-11-06 08:00:00,33
S25,CS-201,A,2025-11-06 09:00:00,34
S25,CS-201,A,2025-11-06 13:00:00,34
S25,CS-201,A,2025-11-06 17:00:00,34
S25,CS-201,A,2025-11-06 21:00:00,34
S25,CS-201,A,2025-11-07 01:00:00,34
S25,CS-201,A,2025-11-07 05:00:00,34
S25,CS-201,A,2025-11-07 09:00:00,34
S25,CS-201,A,2025-11-07 13:00:00,34
S25,CS-201,A,2025-11-07 17:00:00,34
S25,CS-201,A,2025-11-07 21:00:00,34
S25,CS-201,A,2025-11-08 01:00:00,34
S25,CS-201,A,2025-11-08 05:00:00,34
S25,CS-201,A,2025-11-08 09:00:00,34
S25,CS-201,A,2025-11-08 13:00:00,34
S25,CS-201,A,2025-11-08 17:00:00,34
S25,CS-201,A,2025-11-08 21:00:00,34
S25,CS-201,A,2025-11-09 01:00:00,34
S25,CS-201,A,2025-11-09 05:00:00,34
S25,CS-201,A,2025-11-09 09:00:00,34
S25,CS-201,A,2025-11-09 13:00:00,34
S25,CS-201,A,2025-11-09 17:00:00,34
S25,CS-201,A,2025-11-09 21:00:00,34
S25,CS-201,A,2025-11-10 01:00:00,34
S25,CS-201,A,2025-11-10 05:00:00,34
S25,CS-201,A,2025-11-10 09:00:00,34
S25,CS-201,A,2025-11-10 13:00:00,35
S25,CS-201,A,2025-11-10 17:00:00,35
S25,CS-201,A,2025-11-10 21:00:00,35
S25,CS-201,A,2025-11-11 01:00:00,35
S25,CS-201,A,2025-11-11 05:00:00,35
S25,CS-201,A,2025-11-11 09:00:00,35
S25,CS-201,A,2025-11-11 13:00:00,35
S25,CS-201,A,2025-11-11 17:00:00,35
S25,CS-201,A,2025-11-11 21:00:00,35
S25,CS-201,A,2025-11-12 01:00:00,35
S25,CS-201,A,2025-11-12 05:00:00,35
S25,CS-201,A,2025-11-12 09:00:00,35
S25,CS-201,B,2025-11-05 09:00:00,0
S25,CS-201,B,2025-11-05 10:00:00,4
S25,CS-201,B,2025-11-05 11:00:00,4
S25,CS-201,B,2025-11-05 12:00:00,4
S25,CS-201,B,2025-11-05 13:00:00,4
S25,CS-201,B,2025-11-05 14:00:00,4
S25,CS-201,B,2025-11-05 15:00:00,4
S25,CS-201,B,2025-11-05 16:00:00,4
S25,CS-201,B,2025-11-05 17:00:00,4
S25,CS-201,B,2025-11-05 18:00:00,4
S25,CS-201,B,2025-11-05 19:00:00,4
S25,CS-201,B,2025-11-05 20:00:00,4
S25,CS-201,B,2025-11-05 21:00:00,4
S25,CS-201,B,2025-11-05 22:00:00,4
S25,CS-201,B,2025-11-05 23:00:00,4
S25,CS-201,B,2025-11-06 00:00:00,4
S25,CS-201,B,2025-11-06 01:00:00,4
S25,CS-201,B,2025-11-06 02:00:00,4
S25,CS-201,B,2025-11-06 03:00:00,4
S25,CS-201,B,2025-11-06 04:00:00,4
S25,CS-201,B,2025-11-06 05:00:00,4
S25,CS-201,B,2025-11-06 06:00:00,5
S25,CS-201,B,2025-11-06 07:00:00,5
S25,CS-201,B,2025-11-06 08:00:00,5
S25,CS-201,B,2025-11-06 09:00:00,5
S25,CS-201,B,2025-11-06 13:00:00,5
S25,CS-201,B,2025-11-06 17:00:00,5
S25,CS-201,B,2025-11-06 21:00:00,5
S25,CS-201,B,2025-11-07 01:00:00,6
S25,CS-201,B,2025-11-07 05:00:00,6
S25,CS-201,B,2025-11-07 09:00:00,6
S25,CS-201,B,2025-11-07 13:00:00,6
S25,CS-201,B,2025-11-07 17:00:00,6
S25,CS-201,B,2025-11-07 21:00:00,9
S25,CS-201,B,2025-11-08 01:00:00,10
S25,CS-201,B,2025-11-08 05:00:00,12
S25,CS-201,B,2025-11-08 09:00:00,12
S25,CS-201,B,2025-11-08 13:00:00,12
S25,CS-201,B,2025-11-08 17:00:00,12
S25,CS-201,B,2025-11-08 21:00:00,13
S25,CS-201,B,2025-11-09 01:00:00,16
S25,CS-201,B,2025-11-09 05:00:00,16
S25,CS-201,B,2025-11-09 09:00:00,17
S25,CS-201,B,2025-11-09 13:00:00,18
S25,CS-201,B,2025-11-09 17:00:00,19
S25,CS-201,B,2025-11-09 21:00:00,20
S25,CS-201,B,2025-11-10 01:00:00,22
S25,CS-201,B,2025-11-10 05:00:00,22
S25,CS-201,B,2025-11-10 09:00:00,24
S25,CS-201,B,2025-11-10 13:00:00,25
S25,CS-201,B,2025-11-10 17:00:00,26
S25,CS-201,B,2025-11-10 21:00:00,26
S25,CS-201,B,2025-11-11 01:00:00,26
S25,CS-201,B,2025-11-11 05:00:00,27
S25,CS-201,B,2025-11-11 09:00:00,30
S25,CS-201,B,2025-11-11 13:00:00,31
S25,CS-201,B,2025-11-11 17:00:00,31
S25,CS-201,B,2025-11-11 21:00:00,31
S25,CS-201,B,2025-11-12 01:00:00,31
S25,CS-201,B,2025-11-12 05:00:00,33
S25,CS-201,B,2025-11-12 09:00:00,33
S25,MATH-101,A,2025-11-05 09:00:00,2
S25,MATH-101,A,2025-11-05 10:00:00,16
S25,MATH-101,A,2025-11-05 11:00:00,16
S25,MATH-101,A,2025-11-05 12:00:00,16
S25,MATH-101,A,2025-11-05 13:00:00,19
S25,MATH-101,A,2025-11-05 14:00:00,19
S25,MATH-101,A,2025-11-05 15:00:00,19
S25,MATH-101,A,2025-11-05 16:00:00,21
S25,MATH-101,A,2025-11-05 17:00:00,25
S25,MATH-101,A,2025-11-05 18:00:00,26
S25,MATH-101,A,2025-11-05 19:00:00,29
S25,MATH-101,A,2025-11-05 20:00:00,30
S25,MATH-101,A,2025-11-05 21:00:00,37
S25,MATH-101,A,2025-11-05 22:00:00,38
S25,MATH-101,A,2025-11-05 23:00:00,42
S25,MATH-101,A,2025-11-06 00:00:00,42
S25,MATH-101,A,2025-11-06 01:00:00,44
S25,MATH-101,A,2025-11-06 02:00:00,44
S25,MATH-101,A,2025-11-06 03:00:00,46
S25,MATH-101,A,2025-11-06 04:00:00,48
S25,MATH-101,A,2025-11-06 05:00:00,48
S25,MATH-101,A,2025-11-06 06:00:00,48
S25,MATH-101,A,2025-11-06 07:00:00,48
S25,MATH-101,A,2025-11-06 08:00:00,48
S25,MATH-101,A,2025-11-06 09:00:00,48
S25,MATH-101,A,2025-11-06 13:00:00,48
S25,MATH-101,A,2025-11-06 17:00:00,49
S25,MATH-101,A,2025-11-06 21:00:00,49
S25,MATH-101,A,2025-11-07 01:00:00,49
S25,MATH-101,A,2025-11-07 05:00:00,49
S25,MATH-101,A,2025-11-07 09:00:00,49
S25,MATH-101,A,2025-11-07 13:00:00,49
S25,MATH-101,A,2025-11-07 17:00:00,49
S25,MATH-101,A,2025-11-07 21:00:00,49
S25,MATH-101,A,2025-11-08 01:00:00,49
S25,MATH-101,A,2025-11-08 05:00:00,49
S25,MATH-101,A,2025-11-08 09:00:00,49
S25,MATH-101,A,2025-11-08 13:00:00,49
S25,MATH-101,A,2025-11-08 17:00:00,49
S25,MATH-101,A,2025-11-08 21:00:00,49
S25,MATH-101,A,2025-11-09 01:00:00,49
S25,MATH-101,A,2025-11-09 05:00:00,49
S25,MATH-101,A,2025-11-09 09:00:00,49
S25,MATH-101,A,2025-11-09 13:00:00,49
S25,MATH-101,A,2025-11-09 17:00:00,49
S25,MATH-101,A,2025-11-09 21:00:00,49
S25,MATH-101,A,2025-11-10 01:00:00,49
S25,MATH-101,A,2025-11-10 05:00:00,49
S25,MATH-101,A,2025-11-10 09:00:00,49
S25,MATH-101,A,2025-11-10 13:00:00,49
S25,MATH-101,A,2025-11-10 17:00:00,49
S25,MATH-101,A,2025-11-10 21:00:00,49
S25,MATH-101,A,2025-11-11 01:00:00,49
S25,MATH-101,A,2025-11-11 05:00:00,49
S25,MATH-101,A,2025-11-11 09:00:00,49
S25,MATH-101,A,2025-11-11 13:00:00,50
S25,MATH-101,A,2025-11-11 17:00:00,50
S25,MATH-101,A,2025-11-11 21:00:00,50
S25,MATH-101,A,2025-11-12 01:00:00,50
S25,MATH-101,A,2025-11-12 05:00:00,50
S25,MATH-101,A,2025-11-12 09:00:00,50
S25,MATH-101,B,2025-11-05 09:00:00,5
S25,MATH-101,B,2025-11-05 10:00:00,19
S25,MATH-101,B,2025-11-05 11:00:00,25
S25,MATH-101,B,2025-11-05 12:00:00,30
S25,MATH-101,B,2025-11-05 13:00:00,38
S25,MATH-101,B,2025-11-05 14:00:00,38
S25,MATH-101,B,2025-11-05 15:00:00,42
S25,MATH-101,B,2025-11-05 16:00:00,42
S25,MATH-101,B,2025-11-05 17:00:00,42
S25,MATH-101,B,2025-11-05 18:00:00,44
S25,MATH-101,B,2025-11-05 19:00:00,49
S25,MATH-101,B,2025-11-05 20:00:00,49
S25,MATH-101,B,2025-11-05 21:00:00,49
S25,MATH-101,B,2025-11-05 22:00:00,49
S25,MATH-101,B,2025-11-05 23:00:00,49
S25,MATH-101,B,2025-11-06 00:00:00,49
S25,MATH-101,B,2025-11-06 01:00:00,49
S25,MATH-101,B,2025-11-06 02:00:00,49
S25,MATH-101,B,2025-11-06 03:00:00,49
S25,MATH-101,B,2025-11-06 04:00:00,49
S25,MATH-101,B,2025-11-06 05:00:00,49
S25,MATH-101,B,2025-11-06 06:00:00,49
S25,MATH-101,B,2025-11-06 07:00:00,49
S25,MATH-101,B,2025-11-06 08:00:00,49
S25,MATH-101,B,2025-11-06 09:00:00,49
S25,MATH-101,B,2025-11-06 13:00:00,49
S25,MATH-101,B,2025-11-06 17:00:00,49
S25,MATH-101,B,2025-11-06 21:00:00,49
S25,MATH-101,B,2025-11-07 01:00:00,49
S25,MATH-101,B,2025-11-07 05:00:00,49
S25,MATH-101,B,2025-11-07 09:00:00,49
S25,MATH-101,B,2025-11-07 13:00:00,49
S25,MATH-101,B,2025-11-07 17:00:00,49
S25,MATH-101,B,2025-11-07 21:00:00,49
S25,MATH-101,B,2025-11-08 01:00:00,49
S25,MATH-101,B,2025-11-08 05:00:00,49
S25,MATH-101,B,2025-11-08 09:00:00,49
S25,MATH-101,B,2025-11-08 13:00:00,49
S25,MATH-101,B,2025-11-08 17:00:00,49
S25,MATH-101,B,2025-11-08 21:00:00,49
S25,MATH-101,B,2025-11-09 01:00:00,49
S25,MATH-101,B,2025-11-09 05:00:00,50
S25,MATH-101,B,2025-11-09 09:00:00,50
S25,MATH-101,B,2025-11-09 13:00:00,50
S25,MATH-101,B,2025-11-09 17:00:00,50
S25,MATH-101,B,2025-11-09 21:00:00,50
S25,MATH-101,B,2025-11-10 01:00:00,50
S25,MATH-101,B,2025-11-10 05:00:00,50
S25,MATH-101,B,2025-11-10 09:00:00,50
S25,MATH-101,B,2025-11-10 13:00:00,50
S25,MATH-101,B,2025-11-10 17:00:00,50
S25,MATH-101,B,2025-11-10 21:00:00,50
S25,MATH-101,B,2025-11-11 01:00:00,50
S25,MATH-101,B,2025-11-11 05:00:00,50
S25,MATH-101,B,2025-11-11 09:00:00,50
S25,MATH-101,B,2025-11-11 13:00:00,50
S25,MATH-101,B,2025-11-11 17:00:00,50
S25,MATH-101,B,2025-11-11 21:00:00,50
S25,MATH-101,B,2025-11-12 01:00:00,50
S25,MATH-101,B,2025-11-12 05:00:00,50
S25,MATH-101,B,2025-11-12 09:00:00,50
S25,LIT-150,A,2025-11-05 09:00:00,0
S25,LIT-150,A,2025-11-05 10:00:00,4
S25,LIT-150,A,2025-11-05 11:00:00,4
S25,LIT-150,A,2025-11-05 12:00:00,4
S25,LIT-150,A,2025-11-05 13:00:00,4
S25,LIT-150,A,2025-11-05 14:00:00,4
S25,LIT-150,A,2025-11-05 15:00:00,4
S25,LIT-150,A,2025-11-05 16:00:00,5
S25,LIT-150,A,2025-11-05 17:00:00,5
S25,LIT-150,A,2025-11-05 18:00:00,5
S25,LIT-150,A,2025-11-05 19:00:00,5
S25,LIT-150,A,2025-11-05 20:00:00,5
S25,LIT-150,A,2025-11-05 21:00:00,5
S25,LIT-150,A,2025-11-05 22:00:00,5
S25,LIT-150,A,2025-11-05 23:00:00,5
S25,LIT-150,A,2025-11-06 00:00:00,5
S25,LIT-150,A,2025-11-06 01:00:00,5
S25,LIT-150,A,2025-11-06 02:00:00,5
S25,LIT-150,A,2025-11-06 03:00:00,5
S25,LIT-150,A,2025-11-06 04:00:00,6
S25,LIT-150,A,2025-11-06 05:00:00,6
S25,LIT-150,A,2025-11-06 06:00:00,6
S25,LIT-150,A,2025-11-06 07:00:00,6
S25,LIT-150,A,2025-11-06 08:00:00,6
S25,LIT-150,A,2025-11-06 09:00:00,6
S25,LIT-150,A,2025-11-06 13:00:00,6
S25,LIT-150,A,2025-11-06 17:00:00,7
S25,LIT-150,A,2025-11-06 21:00:00,7
S25,LIT-150,A,2025-11-07 01:00:00,8
S25,LIT-150,A,2025-11-07 05:00:00,8
S25,LIT-150,A,2025-11-07 09:00:00,9
S25,LIT-150,A,2025-11-07 13:00:00,9
S25,LIT-150,A,2025-11-07 17:00:00,10
S25,LIT-150,A,2025-11-07 21:00:00,10
S25,LIT-150,A,2025-11-08 01:00:00,11
S25,LIT-150,A,2025-11-08 05:00:00,11
S25,LIT-150,A,2025-11-08 09:00:00,12
S25,LIT-150,A,2025-11-08 13:00:00,12
S25,LIT-150,A,2025-11-08 17:00:00,13
S25,LIT-150,A,2025-11-08 21:00:00,13
S25,LIT-150,A,2025-11-09 01:00:00,14
S25,LIT-150,A,2025-11-09 05:00:00,15
S25,LIT-150,A,2025-11-09 09:00:00,15
S25,LIT-150,A,2025-11-09 13:00:00,16
S25,LIT-150,A,2025-11-09 17:00:00,16
S25,LIT-150,A,2025-11-09 21:00:00,16
S25,LIT-150,A,2025-11-10 01:00:00,16
S25,LIT-150,A,2025-11-10 05:00:00,16
S25,LIT-150,A,2025-11-10 09:00:00,16
S25,LIT-150,A,2025-11-10 13:00:00,16
S25,LIT-150,A,2025-11-10 17:00:00,17
S25,LIT-150,A,2025-11-10 21:00:00,17
S25,LIT-150,A,2025-11-11 01:00:00,17
S25,LIT-150,A,2025-11-11 05:00:00,17
S25,LIT-150,A,2025-11-11 09:00:00,17
S25,LIT-150,A,2025-11-11 13:00:00,17
S25,LIT-150,A,2025-11-11 17:00:00,17
S25,LIT-150,A,2025-11-11 21:00:00,17
S25,LIT-150,A,2025-11-12 01:00:00,17
S25,LIT-150,A,2025-11-12 05:00:00,17
S25,LIT-150,A,2025-11-12 09:00:00,17
S25,HIST-101,A,2025-11-05 09:00:00,0
S25,HIST-101,A,2025-11-05 10:00:00,1
S25,HIST-101,A,2025-11-05 11:00:00,3
S25,HIST-101,A,2025-11-05 12:00:00,5
S25,HIST-101,A,2025-11-05 13:00:00,5
S25,HIST-101,A,2025-11-05 14:00:00,5
S25,HIST-101,A,2025-11-05 15:00:00,9
S25,HIST-101,A,2025-11-05 16:00:00,9
S25,HIST-101,A,2025-11-05 17:00:00,11
S25,HIST-101,A,2025-11-05 18:00:00,11
S25,HIST-101,A,2025-11-05 19:00:00,11
S25,HIST-101,A,2025-11-05 20:00:00,11
S25,HIST-101,A,2025-11-05 21:00:00,12
S25,HIST-101,A,2025-11-05 22:00:00,12
S25,HIST-101,A,2025-11-05 23:00:00,12
S25,HIST-101,A,2025-11-06 00:00:00,12
S25,HIST-101,A,2025-11-06 01:00:00,12
S25,HIST-101,A,2025-11-06 02:00:00,12
S25,HIST-101,A,2025-11-06 03:00:00,12
S25,HIST-101,A,2025-11-06 04:00:00,12
S25,HIST-101,A,2025-11-06 05:00:00,12
S25,HIST-101,A,2025-11-06 06:00:00,14
S25,HIST-101,A,2025-11-06 07:00:00,14
S25,HIST-101,A,2025-11-06 08:00:00,17
S25,HIST-101,A,2025-11-06 09:00:00,20
S25,HIST-101,A,2025-11-06 13:00:00,20
S25,HIST-101,A,2025-11-06 17:00:00,25
S25,HIST-101,A,2025-11-06 21:00:00,30
S25,HIST-101,A,2025-11-07 01:00:00,35
S25,HIST-101,A,2025-11-07 05:00:00,36
S25,HIST-101,A,2025-11-07 09:00:00,41
S25,HIST-101,A,2025-11-07 13:00:00,51
S25,HIST-101,A,2025-11-07 17:00:00,51
S25,HIST-101,A,2025-11-07 21:00:00,56
S25,HIST-101,A,2025-11-08 01:00:00,56
S25,HIST-101,A,2025-11-08 05:00:00,56
S25,HIST-101,A,2025-11-08 09:00:00,58
S25,HIST-101,A,2025-11-08 13:00:00,59
S25,HIST-101,A,2025-11-08 17:00:00,59
S25,HIST-101,A,2025-11-08 21:00:00,59
S25,HIST-101,A,2025-11-09 01:00:00,59
S25,HIST-101,A,2025-11-09 05:00:00,59
S25,HIST-101,A,2025-11-09 09:00:00,59
S25,HIST-101,A,2025-11-09 13:00:00,59
S25,HIST-101,A,2025-11-09 17:00:00,59
S25,HIST-101,A,2025-11-09 21:00:00,59
S25,HIST-101,A,2025-11-10 01:00:00,59
S25,HIST-101,A,2025-11-10 05:00:00,59
S25,HIST-101,A,2025-11-10 09:00:00,59
S25,HIST-101,A,2025-11-10 13:00:00,59
S25,HIST-101,A,2025-11-10 17:00:00,59
S25,HIST-101,A,2025-11-10 21:00:00,59
S25,HIST-101,A,2025-11-11 01:00:00,59
S25,HIST-101,A,2025-11-11 05:00:00,59
S25,HIST-101,A,2025-11-11 09:00:00,59
S25,HIST-101,A,2025-11-11 13:00:00,59
S25,HIST-101,A,2025-11-11 17:00:00,59
S25,HIST-101,A,2025-11-11 21:00:00,59
S25,HIST-101,A,2025-11-12 01:00:00,59
S25,HIST-101,A,2025-11-12 05:00:00,59
S25,HIST-101,A,2025-11-12 09:00:00,59
S25,CHEM-101,A,2025-11-05 09:00:00,0
S25,CHEM-101,A,2025-11-05 10:00:00,3
S25,CHEM-101,A,2025-11-05 11:00:00,5
S25,CHEM-101,A,2025-11-05 12:00:00,9
S25,CHEM-101,A,2025-11-05 13:00:00,11
S25,CHEM-101,A,2025-11-05 14:00:00,11
S25,CHEM-101,A,2025-11-05 15:00:00,11
S25,CHEM-101,A,2025-11-05 16:00:00,11
S25,CHEM-101,A,2025-11-05 17:00:00,11
S25,CHEM-101,A,2025-11-05 18:00:00,11
S25,CHEM-101,A,2025-11-05 19:00:00,11
S25,CHEM-101,A,2025-11-05 20:00:00,13
S25,CHEM-101,A,2025-11-05 21:00:00,13
S25,CHEM-101,A,2025-11-05 22:00:00,13
S25,CHEM-101,A,2025-11-05 23:00:00,13
S25,CHEM-101,A,2025-11-06 00:00:00,20
S25,CHEM-101,A,2025-11-06 01:00:00,20
S25,CHEM-101,A,2025-11-06 02:00:00,20
S25,CHEM-101,A,2025-11-06 03:00:00,20
S25,CHEM-101,A,2025-11-06 04:00:00,20
S25,CHEM-101,A,2025-11-06 05:00:00,20
S25,CHEM-101,A,2025-11-06 06:00:00,22
S25,CHEM-101,A,2025-11-06 07:00:00,22
S25,CHEM-101,A,2025-11-06 08:00:00,22
S25,CHEM-101,A,2025-11-06 09:00:00,22
S25,CHEM-101,A,2025-11-06 13:00:00,30
S25,CHEM-101,A,2025-11-06 17:00:00,33
S25,CHEM-101,A,2025-11-06 21:00:00,40
S25,CHEM-101,A,2025-11-07 01:00:00,46
S25,CHEM-101,A,2025-11-07 05:00:00,55
S25,CHEM-101,A,2025-11-07 09:00:00,55
S25,CHEM-101,A,2025-11-07 13:00:00,57
S25,CHEM-101,A,2025-11-07 17:00:00,70
S25,CHEM-101,A,2025-11-07 21:00:00,74
S25,CHEM-101,A,2025-11-08 01:00:00,74
S25,CHEM-101,A,2025-11-08 05:00:00,77
S25,CHEM-101,A,2025-11-08 09:00:00,77
S25,CHEM-101,A,2025-11-08 13:00:00,77
S25,CHEM-101,A,2025-11-08 17:00:00,77
S25,CHEM-101,A,2025-11-08 21:00:00,79
S25,CHEM-101,A,2025-11-09 01:00:00,79
S25,CHEM-101,A,2025-11-09 05:00:00,79
S25,CHEM-101,A,2025-11-09 09:00:00,79
S25,CHEM-101,A,2025-11-09 13:00:00,79
S25,CHEM-101,A,2025-11-09 17:00:00,79
S25,CHEM-101,A,2025-11-09 21:00:00,79
S25,CHEM-101,A,2025-11-10 01:00:00,79
S25,CHEM-101,A,2025-11-10 05:00:00,79
S25,CHEM-101,A,2025-11-10 09:00:00,79
S25,CHEM-101,A,2025-11-10 13:00:00,79
S25,CHEM-101,A,2025-11-10 17:00:00,79
S25,CHEM-101,A,2025-11-10 21:00:00,79
S25,CHEM-101,A,2025-11-11 01:00:00,79
S25,CHEM-101,A,2025-11-11 05:00:00,79
S25,CHEM-101,A,2025-11-11 09:00:00,79
S25,CHEM-101,A,2025-11-11 13:00:00,79
S25,CHEM-101,A,2025-11-11 17:00:00,79
S25,CHEM-101,A,2025-11-11 21:00:00,79
S25,CHEM-101,A,2025-11-12 01:00:00,79
S25,CHEM-101,A,2025-11-12 05:00:00,79
S25,CHEM-101,A,2025-11-12 09:00:00,79
S25,CHEM-101,B,2025-11-05 09:00:00,0
S25,CHEM-101,B,2025-11-05 10:00:00,0
S25,CHEM-101,B,2025-11-05 11:00:00,3
S25,CHEM-101,B,2025-11-05 12:00:00,3
S25,CHEM-101,B,2025-11-05 13:00:00,4
S25,CHEM-101,B,2025-11-05 14:00:00,5
S25,CHEM-101,B,2025-11-05 15:00:00,5
S25,CHEM-101,B,2025-11-05 16:00:00,5
S25,CHEM-101,B,2025-11-05 17:00:00,5
S25,CHEM-101,B,2025-11-05 18:00:00,5
S25,CHEM-101,B,2025-11-05 19:00:00,5
S25,CHEM-101,B,2025-11-05 20:00:00,5
S25,CHEM-101,B,2025-11-05 21:00:00,5
S25,CHEM-101,B,2025-11-05 22:00:00,11
S25,CHEM-101,B,2025-11-05 23:00:00,11
S25,CHEM-101,B,2025-11-06 00:00:00,11
S25,CHEM-101,B,2025-11-06 01:00:00,11
S25,CHEM-101,B,2025-11-06 02:00:00,11
S25,CHEM-101,B,2025-11-06 03:00:00,11
S25,CHEM-101,B,2025-11-06 04:00:00,12
S25,CHEM-101,B,2025-11-06 05:00:00,12
S25,CHEM-101,B,2025-11-06 06:00:00,12
S25,CHEM-101,B,2025-11-06 07:00:00,12
S25,CHEM-101,B,2025-11-06 08:00:00,12
S25,CHEM-101,B,2025-11-06 09:00:00,12
S25,CHEM-101,B,2025-11-06 13:00:00,12
S25,CHEM-101,B,2025-11-06 17:00:00,12
S25,CHEM-101,B,2025-11-06 21:00:00,12
S25,CHEM-101,B,2025-11-07 01:00:00,12
S25,CHEM-101,B,2025-11-07 05:00:00,19
S25,CHEM-101,B,2025-11-07 09:00:00,19
S25,CHEM-101,B,2025-11-07 13:00:00,19
S25,CHEM-101,B,2025-11-07 17:00:00,19
S25,CHEM-101,B,2025-11-07 21:00:00,19
S25,CHEM-101,B,2025-11-08 01:00:00,20
S25,CHEM-101,B,2025-11-08 05:00:00,21
S25,CHEM-101,B,2025-11-08 09:00:00,24
S25,CHEM-101,B,2025-11-08 13:00:00,24
S25,CHEM-101,B,2025-11-08 17:00:00,27
S25,CHEM-101,B,2025-11-08 21:00:00,34
S25,CHEM-101,B,2025-11-09 01:00:00,34
S25,CHEM-101,B,2025-11-09 05:00:00,36
S25,CHEM-101,B,2025-11-09 09:00:00,40
S25,CHEM-101,B,2025-11-09 13:00:00,43
S25,CHEM-101,B,2025-11-09 17:00:00,47
S25,CHEM-101,B,2025-11-09 21:00:00,47
S25,CHEM-101,B,2025-11-10 01:00:00,53
S25,CHEM-101,B,2025-11-10 05:00:00,57
S25,CHEM-101,B,2025-11-10 09:00:00,57
S25,CHEM-101,B,2025-11-10 13:00:00,57
S25,CHEM-101,B,2025-11-10 17:00:00,63
S25,CHEM-101,B,2025-11-10 21:00:00,65
S25,CHEM-101,B,2025-11-11 01:00:00,65
S25,CHEM-101,B,2025-11-11 05:00:00,65
S25,CHEM-101,B,2025-11-11 09:00:00,69
S25,CHEM-101,B,2025-11-11 13:00:00,71
S25,CHEM-101,B,2025-11-11 17:00:00,72
S25,CHEM-101,B,2025-11-11 21:00:00,72
S25,CHEM-101,B,2025-11-12 01:00:00,72
S25,CHEM-101,B,2025-11-12 05:00:00,76
S25,CHEM-101,B,2025-11-12 09:00:00,76
F25,CS-101,A,2025-06-09 09:00:00,3
F25,CS-101,A,2025-06-09 10:00:00,15
F25,CS-101,A,2025-06-09 11:00:00,20
F25,CS-101,A,2025-06-09 12:00:00,23
F25,CS-101,A,2025-06-09 13:00:00,30
F25,CS-101,A,2025-06-09 14:00:00,31
F25,CS-101,A,2025-06-09 15:00:00,35
F25,CS-101,A,2025-06-09 16:00:00,35
F25,CS-101,A,2025-06-09 17:00:00,37
F25,CS-101,A,2025-06-09 18:00:00,38
F25,CS-101,A,2025-06-09 19:00:00,39
F25,CS-101,A,2025-06-09 20:00:00,39
F25,CS-101,A,2025-06-09 21:00:00,39
F25,CS-101,A,2025-06-09 22:00:00,39
F25,CS-101,A,2025-06-09 23:00:00,39
F25,CS-101,A,2025-06-10 00:00:00,39
F25,CS-101,A,2025-06-10 01:00:00,39
F25,CS-101,A,2025-06-10 02:00:00,39
F25,CS-101,A,2025-06-10 03:00:00,39
F25,CS-101,A,2025-06-10 04:00:00,39
F25,CS-101,A,2025-06-10 05:00:00,39
F25,CS-101,A,2025-06-10 06:00:00,39
F25,CS-101,A,2025-06-10 07:00:00,39
F25,CS-101,A,2025-06-10 08:00:00,39
F25,CS-101,A,2025-06-10 09:00:00,39
F25,CS-101,A,2025-06-10 13:00:00,39
F25,CS-101,A,2025-06-10 17:00:00,39
F25,CS-101,A,2025-06-10 21:00:00,39
F25,CS-101,A,2025-06-11 01:00:00,39
F25,CS-101,A,2025-06-11 05:00:00,39
F25,CS-101,A,2025-06-11 09:00:00,39
F25,CS-101,A,2025-06-11 13:00:00,39
F25,CS-101,A,2025-06-11 17:00:00,39
F25,CS-101,A,2025-06-11 21:00:00,39
F25,CS-101,A,2025-06-12 01:00:00,39
F25,CS-101,A,2025-06-12 05:00:00,39
F25,CS-101,A,2025-06-12 09:00:00,39
F25,CS-101,A,2025-06-12 13:00:00,39
F25,CS-101,A,2025-06-12 17:00:00,39
F25,CS-101,A,2025-06-12 21:00:00,39
F25,CS-101,A,2025-06-13 01:00:00,39
F25,CS-101,A,2025-06-13 05:00:00,39
F25,CS-101,A,2025-06-13 09:00:00,40
F25,CS-101,A,2025-06-13 13:00:00,40
F25,CS-101,A,2025-06-13 17:00:00,40
F25,CS-101,A,2025-06-13 21:00:00,40
F25,CS-101,A,2025-06-14 01:00:00,40
F25,CS-101,A,2025-06-14 05:00:00,40
F25,CS-101,A,2025-06-14 09:00:00,40
F25,CS-101,A,2025-06-14 13:00:00,40
F25,CS-101,A,2025-06-14 17:00:00,40
F25,CS-101,A,2025-06-14 21:00:00,40
F25,CS-101,A,2025-06-15 01:00:00,40
F25,CS-101,A,2025-06-15 05:00:00,40
F25,CS-101,A,2025-06-15 09:00:00,40
F25,CS-101,A,2025-06-15 13:00:00,40
F25,CS-101,A,2025-06-15 17:00:00,40
F25,CS-101,A,2025-06-15 21:00:00,40
F25,CS-101,A,2025-06-16 01:00:00,40
F25,CS-101,A,2025-06-16 05:00:00,40
F25,CS-101,A,2025-06-16 09:00:00,40
F25,CS-101,B,2025-06-09 09:00:00,0
F25,CS-101,B,2025-06-09 10:00:00,6
F25,CS-101,B,2025-06-09 11:00:00,6
F25,CS-101,B,2025-06-09 12:00:00,6
F25,CS-101,B,2025-06-09 13:00:00,6
F25,CS-101,B,2025-06-09 14:00:00,6
F25,CS-101,B,2025-06-09 15:00:00,6
F25,CS-101,B,2025-06-09 16:00:00,6
F25,CS-101,B,2025-06-09 17:00:00,8
F25,CS-101,B,2025-06-09 18:00:00,8
F25,CS-101,B,2025-06-09 19:00:00,8
F25,CS-101,B,2025-06-09 20:00:00,8
F25,CS-101,B,2025-06-09 21:00:00,8
F25,CS-101,B,2025-06-09 22:00:00,8
F25,CS-101,B,2025-06-09 23:00:00,8
F25,CS-101,B,2025-06-10 00:00:00,8
F25,CS-101,B,2025-06-10 01:00:00,8
F25,CS-101,B,2025-06-10 02:00:00,11
F25,CS-101,B,2025-06-10 03:00:00,11
F25,CS-101,B,2025-06-10 04:00:00,11
F25,CS-101,B,2025-06-10 05:00:00,11
F25,CS-101,B,2025-06-10 06:00:00,13
F25,CS-101,B,2025-06-10 07:00:00,13
F25,CS-101,B,2025-06-10 08:00:00,13
F25,CS-101,B,2025-06-10 09:00:00,13
F25,CS-101,B,2025-06-10 13:00:00,16
F25,CS-101,B,2025-06-10 17:00:00,17
F25,CS-101,B,2025-06-10 21:00:00,22
F25,CS-101,B,2025-06-11 01:00:00,25
F25,CS-101,B,2025-06-11 05:00:00,27
F25,CS-101,B,2025-06-11 09:00:00,30
F25,CS-101,B,2025-06-11 13:00:00,36
F25,CS-101,B,2025-06-11 17:00:00,36
F25,CS-101,B,2025-06-11 21:00:00,37
F25,CS-101,B,2025-06-12 01:00:00,37
F25,CS-101,B,2025-06-12 05:00:00,42
F25,CS-101,B,2025-06-12 09:00:00,42
F25,CS-101,B,2025-06-12 13:00:00,42
F25,CS-101,B,2025-06-12 17:00:00,42
F25,CS-101,B,2025-06-12 21:00:00,44
F25,CS-101,B,2025-06-13 01:00:00,44
F25,CS-101,B,2025-06-13 05:00:00,44
F25,CS-101,B,2025-06-13 09:00:00,44
F25,CS-101,B,2025-06-13 13:00:00,44
F25,CS-101,B,2025-06-13 17:00:00,44
F25,CS-101,B,2025-06-13 21:00:00,44
F25,CS-101,B,2025-06-14 01:00:00,44
F25,CS-101,B,2025-06-14 05:00:00,44
F25,CS-101,B,2025-06-14 09:00:00,44
F25,CS-101,B,2025-06-14 13:00:00,44
F25,CS-101,B,2025-06-14 17:00:00,44
F25,CS-101,B,2025-06-14 21:00:00,44
F25,CS-101,B,2025-06-15 01:00:00,44
F25,CS-101,B,2025-06-15 05:00:00,44
F25,CS-101,B,2025-06-15 09:00:00,44
F25,CS-101,B,2025-06-15 13:00:00,44
F25,CS-101,B,2025-06-15 17:00:00,44
F25,CS-101,B,2025-06-15 21:00:00,44
F25,CS-101,B,2025-06-16 01:00:00,44
F25,CS-101,B,2025-06-16 05:00:00,44
F25,CS-101,B,2025-06-16 09:00:00,44
F25,CS-201,A,2025-06-09 09:00:00,0
F25,CS-201,A,2025-06-09 10:00:00,3
F25,CS-201,A,2025-06-09 11:00:00,4
F25,CS-201,A,2025-06-09 12:00:00,7
F25,CS-201,A,2025-06-09 13:00:00,13
F25,CS-201,A,2025-06-09 14:00:00,14
F25,CS-201,A,2025-06-09 15:00:00,14
F25,CS-201,A,2025-06-09 16:00:00,14
F25,CS-201,A,2025-06-09 17:00:00,17
F25,CS-201,A,2025-06-09 18:00:00,19
F25,CS-201,A,2025-06-09 19:00:00,20
F25,CS-201,A,2025-06-09 20:00:00,22
F25,CS-201,A,2025-06-09 21:00:00,22
F25,CS-201,A,2025-06-09 22:00:00,29
F25,CS-201,A,2025-06-09 23:00:00,29
F25,CS-201,A,2025-06-10 00:00:00,29
F25,CS-201,A,2025-06-10 01:00:00,32
F25,CS-201,A,2025-06-10 02:00:00,33
F25,CS-201,A,2025-06-10 03:00:00,33
F25,CS-201,A,2025-06-10 04:00:00,33
F25,CS-201,A,2025-06-10 05:00:00,34
F25,CS-201,A,2025-06-10 06:00:00,34
F25,CS-201,A,2025-06-10 07:00:00,34
F25,CS-201,A,2025-06-10 08:00:00,34
F25,CS-201,A,2025-06-10 09:00:00,34
F25,CS-201,A,2025-06-10 13:00:00,34
F25,CS-201,A,2025-06-10 17:00:00,34
F25,CS-201,A,2025-06-10 21:00:00,34
F25,CS-201,A,2025-06-11 01:00:00,34
F25,CS-201,A,2025-06-11 05:00:00,34
F25,CS-201,A,2025-06-11 09:00:00,34
F25,CS-201,A,2025-06-11 13:00:00,34
F25,CS-201,A,2025-06-11 17:00:00,34
F25,CS-201,A,2025-06-11 21:00:00,34
F25,CS-201,A,2025-06-12 01:00:00,34
F25,CS-201,A,2025-06-12 05:00:00,34
F25,CS-201,A,2025-06-12 09:00:00,34
F25,CS-201,A,2025-06-12 13:00:00,34
F25,CS-201,A,2025-06-12 17:00:00,34
F25,CS-201,A,2025-06-12 21:00:00,34
F25,CS-201,A,2025-06-13 01:00:00,34
F25,CS-201,A,2025-06-13 05:00:00,34
F25,CS-201,A,2025-06-13 09:00:00,34
F25,CS-201,A,2025-06-13 13:00:00,34
F25,CS-201,A,2025-06-13 17:00:00,34
F25,CS-201,A,2025-06-13 21:00:00,34
F25,CS-201,A,2025-06-14 01:00:00,34
F25,CS-201,A,2025-06-14 05:00:00,34
F25,CS-201,A,2025-06-14 09:00:00,35
F25,CS-201,A,2025-06-14 13:00:00,35
F25,CS-201,A,2025-06-14 17:00:00,35
F25,CS-201,A,2025-06-14 21:00:00,35
F25,CS-201,A,2025-06-15 01:00:00,35
F25,CS-201,A,2025-06-15 05:00:00,35
F25,CS-201,A,2025-06-15 09:00:00,35
F25,CS-201,A,2025-06-15 13:00:00,35
F25,CS-201,A,2025-06-15 17:00:00,35
F25,CS-201,A,2025-06-15 21:00:00,35
F25,CS-201,A,2025-06-16 01:00:00,35
F25,CS-201,A,2025-06-16 05:00:00,35
F25,CS-201,A,2025-06-16 09:00:00,35
F25,CS-201,B,2025-06-09 09:00:00,0
F25,CS-201,B,2025-06-09 10:00:00,4
F25,CS-201,B,2025-06-09 11:00:00,4
F25,CS-201,B,2025-06-09 12:00:00,4
F25,CS-201,B,2025-06-09 13:00:00,4
F25,CS-201,B,2025-06-09 14:00:00,4
F25,CS-201,B,2025-06-09 15:00:00,5
F25,CS-201,B,2025-06-09 16:00:00,5
F25,CS-201,B,2025-06-09 17:00:00,5
F25,CS-201,B,2025-06-09 18:00:00,5
F25,CS-201,B,2025-06-09 19:00:00,5
F25,CS-201,B,2025-06-09 20:00:00,5
F25,CS-201,B,2025-06-09 21:00:00,5
F25,CS-201,B,2025-06-09 22:00:00,5
F25,CS-201,B,2025-06-09 23:00:00,5
F25,CS-201,B,2025-06-10 00:00:00,5
F25,CS-201,B,2025-06-10 01:00:00,5
F25,CS-201,B,2025-06-10 02:00:00,5
F25,CS-201,B,2025-06-10 03:00:00,5
F25,CS-201,B,2025-06-10 04:00:00,5
F25,CS-201,B,2025-06-10 05:00:00,5
F25,CS-201,B,2025-06-10 06:00:00,5
F25,CS-201,B,2025-06-10 07:00:00,5
F25,CS-201,B,2025-06-10 08:00:00,5
F25,CS-201,B,2025-06-10 09:00:00,6
F25,CS-201,B,2025-06-10 13:00:00,6
F25,CS-201,B,2025-06-10 17:00:00,6
F25,CS-201,B,2025-06-10 21:00:00,7
F25,CS-201,B,2025-06-11 01:00:00,7
F25,CS-201,B,2025-06-11 05:00:00,7
F25,CS-201,B,2025-06-11 09:00:00,7
F25,CS-201,B,2025-06-11 13:00:00,8
F25,CS-201,B,2025-06-11 17:00:00,8
F25,CS-201,B,2025-06-11 21:00:00,8
F25,CS-201,B,2025-06-12 01:00:00,12
F25,CS-201,B,2025-06-12 05:00:00,12
F25,CS-201,B,2025-06-12 09:00:00,12
F25,CS-201,B,2025-06-12 13:00:00,12
F25,CS-201,B,2025-06-12 17:00:00,12
F25,CS-201,B,2025-06-12 21:00:00,14
F25,CS-201,B,2025-06-13 01:00:00,14
F25,CS-201,B,2025-06-13 05:00:00,16
F25,CS-201,B,2025-06-13 09:00:00,17
F25,CS-201,B,2025-06-13 13:00:00,19
F25,CS-201,B,2025-06-13 17:00:00,20
F25,CS-201,B,2025-06-13 21:00:00,20
F25,CS-201,B,2025-06-14 01:00:00,20
F25,CS-201,B,2025-06-14 05:00:00,25
F25,CS-201,B,2025-06-14 09:00:00,25
F25,CS-201,B,2025-06-14 13:00:00,27
F25,CS-201,B,2025-06-14 17:00:00,27
F25,CS-201,B,2025-06-14 21:00:00,27
F25,CS-201,B,2025-06-15 01:00:00,27
F25,CS-201,B,2025-06-15 05:00:00,29
F25,CS-201,B,2025-06-15 09:00:00,29
F25,CS-201,B,2025-06-15 13:00:00,31
F25,CS-201,B,2025-06-15 17:00:00,32
F25,CS-201,B,2025-06-15 21:00:00,32
F25,CS-201,B,2025-06-16 01:00:00,32
F25,CS-201,B,2025-06-16 05:00:00,33
F25,CS-201,B,2025-06-16 09:00:00,33
F25,MATH-101,A,2025-06-09 09:00:00,2
F25,MATH-101,A,2025-06-09 10:00:00,5
F25,MATH-101,A,2025-06-09 11:00:00,7
F25,MATH-101,A,2025-06-09 12:00:00,14
F25,MATH-101,A,2025-06-09 13:00:00,17
F25,MATH-101,A,2025-06-09 14:00:00,17
F25,MATH-101,A,2025-06-09 15:00:00,17
F25,MATH-101,A,2025-06-09 16:00:00,22
F25,MATH-101,A,2025-06-09 17:00:00,25
F25,MATH-101,A,2025-06-09 18:00:00,28
F25,MATH-101,A,2025-06-09 19:00:00,31
F25,MATH-101,A,2025-06-09 20:00:00,31
F25,MATH-101,A,2025-06-09 21:00:00,31
F25,MATH-101,A,2025-06-09 22:00:00,31
F25,MATH-101,A,2025-06-09 23:00:00,42
F25,MATH-101,A,2025-06-10 00:00:00,42
F25,MATH-101,A,2025-06-10 01:00:00,46
F25,MATH-101,A,2025-06-10 02:00:00,46
F25,MATH-101,A,2025-06-10 03:00:00,47
F25,MATH-101,A,2025-06-10 04:00:00,47
F25,MATH-101,A,2025-06-10 05:00:00,47
F25,MATH-101,A,2025-06-10 06:00:00,48
F25,MATH-101,A,2025-06-10 07:00:00,48
F25,MATH-101,A,2025-06-10 08:00:00,48
F25,MATH-101,A,2025-06-10 09:00:00,48
F25,MATH-101,A,2025-06-10 13:00:00,48
F25,MATH-101,A,2025-06-10 17:00:00,49
F25,MATH-101,A,2025-06-10 21:00:00,49
F25,MATH-101,A,2025-06-11 01:00:00,49
F25,MATH-101,A,2025-06-11 05:00:00,49
F25,MATH-101,A,2025-06-11 09:00:00,49
F25,MATH-101,A,2025-06-11 13:00:00,49
F25,MATH-101,A,2025-06-11 17:00:00,49
F25,MATH-101,A,2025-06-11 21:00:00,49
F25,MATH-101,A,2025-06-12 01:00:00,49
F25,MATH-101,A,2025-06-12 05:00:00,49
F25,MATH-101,A,2025-06-12 09:00:00,49
F25,MATH-101,A,2025-06-12 13:00:00,49
F25,MATH-101,A,2025-06-12 17:00:00,49
F25,MATH-101,A,2025-06-12 21:00:00,49
F25,MATH-101,A,2025-06-13 01:00:00,49
F25,MATH-101,A,2025-06-13 05:00:00,49
F25,MATH-101,A,2025-06-13 09:00:00,49
F25,MATH-101,A,2025-06-13 13:00:00,49
F25,MATH-101,A,2025-06-13 17:00:00,49
F25,MATH-101,A,2025-06-13 21:00:00,49
F25,MATH-101,A,2025-06-14 01:00:00,49
F25,MATH-101,A,2025-06-14 05:00:00,49
F25,MATH-101,A,2025-06-14 09:00:00,49
F25,MATH-101,A,2025-06-14 13:00:00,49
F25,MATH-101,A,2025-06-14 17:00:00,49
F25,MATH-101,A,2025-06-14 21:00:00,50
F25,MATH-101,A,2025-06-15 01:00:00,50
F25,MATH-101,A,2025-06-15 05:00:00,50
F25,MATH-101,A,2025-06-15 09:00:00,50
F25,MATH-101,A,2025-06-15 13:00:00,50
F25,MATH-101,A,2025-06-15 17:00:00,50
F25,MATH-101,A,2025-06-15 21:00:00,50
F25,MATH-101,A,2025-06-16 01:00:00,50
F25,MATH-101,A,2025-06-16 05:00:00,50
F25,MATH-101,A,2025-06-16 09:00:00,50
F25,MATH-101,B,2025-06-09 09:00:00,6
F25,MATH-101,B,2025-06-09 10:00:00,18
F25,MATH-101,B,2025-06-09 11:00:00,25
F25,MATH-101,B,2025-06-09 12:00:00,31
F25,MATH-101,B,2025-06-09 13:00:00,35
F25,MATH-101,B,2025-06-09 14:00:00,36
F25,MATH-101,B,2025-06-09 15:00:00,41
F25,MATH-101,B,2025-06-09 16:00:00,47
F25,MATH-101,B,2025-06-09 17:00:00,47
F25,MATH-101,B,2025-06-09 18:00:00,47
F25,MATH-101,B,2025-06-09 19:00:00,49
F25,MATH-101,B,2025-06-09 20:00:00,49
F25,MATH-101,B,2025-06-09 21:00:00,49
F25,MATH-101,B,2025-06-09 22:00:00,49
F25,MATH-101,B,2025-06-09 23:00:00,49
F25,MATH-101,B,2025-06-10 00:00:00,49
F25,MATH-101,B,2025-06-10 01:00:00,49
F25,MATH-101,B,2025-06-10 02:00:00,49
F25,MATH-101,B,2025-06-10 03:00:00,49
F25,MATH-101,B,2025-06-10 04:00:00,49
F25,MATH-101,B,2025-06-10 05:00:00,49
F25,MATH-101,B,2025-06-10 06:00:00,49
F25,MATH-101,B,2025-06-10 07:00:00,49
F25,MATH-101,B,2025-06-10 08:00:00,49
F25,MATH-101,B,2025-06-10 09:00:00,49
F25,MATH-101,B,2025-06-10 13:00:00,49
F25,MATH-101,B,2025-06-10 17:00:00,49
F25,MATH-101,B,2025-06-10 21:00:00,49
F25,MATH-101,B,2025-06-11 01:00:00,49
F25,MATH-101,B,2025-06-11 05:00:00,49
F25,MATH-101,B,2025-06-11 09:00:00,49
F25,MATH-101,B,2025-06-11 13:00:00,49
F25,MATH-101,B,2025-06-11 17:00:00,49
F25,MATH-101,B,2025-06-11 21:00:00,49
F25,MATH-101,B,2025-06-12 01:00:00,49
F25,MATH-101,B,2025-06-12 05:00:00,49
F25,MATH-101,B,2025-06-12 09:00:00,49
F25,MATH-101,B,2025-06-12 13:00:00,50
F25,MATH-101,B,2025-06-12 17:00:00,50
F25,MATH-101,B,2025-06-12 21:00:00,50
F25,MATH-101,B,2025-06-13 01:00:00,50
F25,MATH-101,B,2025-06-13 05:00:00,50
F25,MATH-101,B,2025-06-13 09:00:00,50
F25,MATH-101,B,2025-06-13 13:00:00,50
F25,MATH-101,B,2025-06-13 17:00:00,50
F25,MATH-101,B,2025-06-13 21:00:00,50
F25,MATH-101,B,2025-06-14 01:00:00,50
F25,MATH-101,B,2025-06-14 05:00:00,50
F25,MATH-101,B,2025-06-14 09:00:00,50
F25,MATH-101,B,2025-06-14 13:00:00,50
F25,MATH-101,B,2025-06-14 17:00:00,50
F25,MATH-101,B,2025-06-14 21:00:00,50
F25,MATH-101,B,2025-06-15 01:00:00,50
F25,MATH-101,B,2025-06-15 05:00:00,50
F25,MATH-101,B,2025-06-15 09:00:00,50
F25,MATH-101,B,2025-06-15 13:00:00,50
F25,MATH-101,B,2025-06-15 17:00:00,50
F25,MATH-101,B,2025-06-15 21:00:00,50
F25,MATH-101,B,2025-06-16 01:00:00,50
F25,MATH-101,B,2025-06-16 05:00:00,50
F25,MATH-101,B,2025-06-16 09:00:00,50
F25,LIT-150,A,2025-06-09 09:00:00,0
F25,LIT-150,A,2025-06-09 10:00:00,2
F25,LIT-150,A,2025-06-09 11:00:00,3
F25,LIT-150,A,2025-06-09 12:00:00,4
F25,LIT-150,A,2025-06-09 13:00:00,4
F25,LIT-150,A,2025-06-09 14:00:00,4
F25,LIT-150,A,2025-06-09 15:00:00,4
F25,LIT-150,A,2025-06-09 16:00:00,4
F25,LIT-150,A,2025-06-09 17:00:00,4
F25,LIT-150,A,2025-06-09 18:00:00,4
F25,LIT-150,A,2025-06-09 19:00:00,4
F25,LIT-150,A,2025-06-09 20:00:00,4
F25,LIT-150,A,2025-06-09 21:00:00,5
F25,LIT-150,A,2025-06-09 22:00:00,5
F25,LIT-150,A,2025-06-09 23:00:00,5
F25,LIT-150,A,2025-06-10 00:00:00,5
F25,LIT-150,A,2025-06-10 01:00:00,5
F25,LIT-150,A,2025-06-10 02:00:00,5
F25,LIT-150,A,2025-06-10 03:00:00,5
F25,LIT-150,A,2025-06-10 04:00:00,5
F25,LIT-150,A,2025-06-10 05:00:00,6
F25,LIT-150,A,2025-06-10 06:00:00,6
F25,LIT-150,A,2025-06-10 07:00:00,6
F25,LIT-150,A,2025-06-10 08:00:00,6
F25,LIT-150,A,2025-06-10 09:00:00,6
F25,LIT-150,A,2025-06-10 13:00:00,6
F25,LIT-150,A,2025-06-10 17:00:00,7
F25,LIT-150,A,2025-06-10 21:00:00,7
F25,LIT-150,A,2025-06-11 01:00:00,7
F25,LIT-150,A,2025-06-11 05:00:00,8
F25,LIT-150,A,2025-06-11 09:00:00,9
F25,LIT-150,A,2025-06-11 13:00:00,9
F25,LIT-150,A,2025-06-11 17:00:00,10
F25,LIT-150,A,2025-06-11 21:00:00,10
F25,LIT-150,A,2025-06-12 01:00:00,11
F25,LIT-150,A,2025-06-12 05:00:00,11
F25,LIT-150,A,2025-06-12 09:00:00,11
F25,LIT-150,A,2025-06-12 13:00:00,12
F25,LIT-150,A,2025-06-12 17:00:00,14
F25,LIT-150,A,2025-06-12 21:00:00,15
F25,LIT-150,A,2025-06-13 01:00:00,15
F25,LIT-150,A,2025-06-13 05:00:00,15
F25,LIT-150,A,2025-06-13 09:00:00,15
F25,LIT-150,A,2025-06-13 13:00:00,15
F25,LIT-150,A,2025-06-13 17:00:00,15
F25,LIT-150,A,2025-06-13 21:00:00,16
F25,LIT-150,A,2025-06-14 01:00:00,16
F25,LIT-150,A,2025-06-14 05:00:00,16
F25,LIT-150,A,2025-06-14 09:00:00,16
F25,LIT-150,A,2025-06-14 13:00:00,16
F25,LIT-150,A,2025-06-14 17:00:00,16
F25,LIT-150,A,2025-06-14 21:00:00,17
F25,LIT-150,A,2025-06-15 01:00:00,17
F25,LIT-150,A,2025-06-15 05:00:00,17
F25,LIT-150,A,2025-06-15 09:00:00,17
F25,LIT-150,A,2025-06-15 13:00:00,17
F25,LIT-150,A,2025-06-15 17:00:00,17
F25,LIT-150,A,2025-06-15 21:00:00,17
F25,LIT-150,A,2025-06-16 01:00:00,17
F25,LIT-150,A,2025-06-16 05:00:00,17
F25,LIT-150,A,2025-06-16 09:00:00,17
F25,HIST-101,A,2025-06-09 09:00:00,0
F25,HIST-101,A,2025-06-09 10:00:00,3
F25,HIST-101,A,2025-06-09 11:00:00,3
F25,HIST-101,A,2025-06-09 12:00:00,6
F25,HIST-101,A,2025-06-09 13:00:00,6
F25,HIST-101,A,2025-06-09 14:00:00,9
F25,HIST-101,A,2025-06-09 15:00:00,9
F25,HIST-101,A,2025-06-09 16:00:00,9
F25,HIST-101,A,2025-06-09 17:00:00,10
F25,HIST-101,A,2025-06-09 18:00:00,10
F25,HIST-101,A,2025-06-09 19:00:00,10
F25,HIST-101,A,2025-06-09 20:00:00,10
F25,HIST-101,A,2025-06-09 21:00:00,10
F25,HIST-101,A,2025-06-09 22:00:00,10
F25,HIST-101,A,2025-06-09 23:00:00,11
F25,HIST-101,A,2025-06-10 00:00:00,11
F25,HIST-101,A,2025-06-10 01:00:00,12
F25,HIST-101,A,2025-06-10 02:00:00,12
F25,HIST-101,A,2025-06-10 03:00:00,12
F25,HIST-101,A,2025-06-10 04:00:00,12
F25,HIST-101,A,2025-06-10 05:00:00,12
F25,HIST-101,A,2025-06-10 06:00:00,12
F25,HIST-101,A,2025-06-10 07:00:00,12
F25,HIST-101,A,2025-06-10 08:00:00,18
F25,HIST-101,A,2025-06-10 09:00:00,20
F25,HIST-101,A,2025-06-10 13:00:00,21
F25,HIST-101,A,2025-06-10 17:00:00,24
F25,HIST-101,A,2025-06-10 21:00:00,30
F25,HIST-101,A,2025-06-11 01:00:00,33
F25,HIST-101,A,2025-06-11 05:00:00,40
F25,HIST-101,A,2025-06-11 09:00:00,45
F25,HIST-101,A,2025-06-11 13:00:00,46
F25,HIST-101,A,2025-06-11 17:00:00,53
F25,HIST-101,A,2025-06-11 21:00:00,53
F25,HIST-101,A,2025-06-12 01:00:00,55
F25,HIST-101,A,2025-06-12 05:00:00,56
F25,HIST-101,A,2025-06-12 09:00:00,56
F25,HIST-101,A,2025-06-12 13:00:00,59
F25,HIST-101,A,2025-06-12 17:00:00,59
F25,HIST-101,A,2025-06-12 21:00:00,59
F25,HIST-101,A,2025-06-13 01:00:00,59
F25,HIST-101,A,2025-06-13 05:00:00,59
F25,HIST-101,A,2025-06-13 09:00:00,59
F25,HIST-101,A,2025-06-13 13:00:00,59
F25,HIST-101,A,2025-06-13 17:00:00,59
F25,HIST-101,A,2025-06-13 21:00:00,59
F25,HIST-101,A,2025-06-14 01:00:00,59
F25,HIST-101,A,2025-06-14 05:00:00,59
F25,HIST-101,A,2025-06-14 09:00:00,59
F25,HIST-101,A,2025-06-14 13:00:00,59
F25,HIST-101,A,2025-06-14 17:00:00,59
F25,HIST-101,A,2025-06-14 21:00:00,59
F25,HIST-101,A,2025-06-15 01:00:00,59
F25,HIST-101,A,2025-06-15 05:00:00,59
F25,HIST-101,A,2025-06-15 09:00:00,59
F25,HIST-101,A,2025-06-15 13:00:00,59
F25,HIST-101,A,2025-06-15 17:00:00,59
F25,HIST-101,A,2025-06-15 21:00:00,59
F25,HIST-101,A,2025-06-16 01:00:00,59
F25,HIST-101,A,2025-06-16 05:00:00,59
F25,HIST-101,A,2025-06-16 09:00:00,59
F25,CHEM-101,A,2025-06-09 09:00:00,0
F25,CHEM-101,A,2025-06-09 10:00:00,11
F25,CHEM-101,A,2025-06-09 11:00:00,11
F25,CHEM-101,A,2025-06-09 12:00:00,11
F25,CHEM-101,A,2025-06-09 13:00:00,11
F25,CHEM-101,A,2025-06-09 14:00:00,11
F25,CHEM-101,A,2025-06-09 15:00:00,13
F25,CHEM-101,A,2025-06-09 16:00:00,13
F25,CHEM-101,A,2025-06-09 17:00:00,13
F25,CHEM-101,A,2025-06-09 18:00:00,16
F25,CHEM-101,A,2025-06-09 19:00:00,16
F25,CHEM-101,A,2025-06-09 20:00:00,16
F25,CHEM-101,A,2025-06-09 21:00:00,16
F25,CHEM-101,A,2025-06-09 22:00:00,16
F25,CHEM-101,A,2025-06-09 23:00:00,16
F25,CHEM-101,A,2025-06-10 00:00:00,16
F25,CHEM-101,A,2025-06-10 01:00:00,16
F25,CHEM-101,A,2025-06-10 02:00:00,19
F25,CHEM-101,A,2025-06-10 03:00:00,19
F25,CHEM-101,A,2025-06-10 04:00:00,19
F25,CHEM-101,A,2025-06-10 05:00:00,22
F25,CHEM-101,A,2025-06-10 06:00:00,22
F25,CHEM-101,A,2025-06-10 07:00:00,22
F25,CHEM-101,A,2025-06-10 08:00:00,22
F25,CHEM-101,A,2025-06-10 09:00:00,26
F25,CHEM-101,A,2025-06-10 13:00:00,28
F25,CHEM-101,A,2025-06-10 17:00:00,32
F25,CHEM-101,A,2025-06-10 21:00:00,40
F25,CHEM-101,A,2025-06-11 01:00:00,43
F25,CHEM-101,A,2025-06-11 05:00:00,52
F25,CHEM-101,A,2025-06-11 09:00:00,60
F25,CHEM-101,A,2025-06-11 13:00:00,60
F25,CHEM-101,A,2025-06-11 17:00:00,67
F25,CHEM-101,A,2025-06-11 21:00:00,74
F25,CHEM-101,A,2025-06-12 01:00:00,74
F25,CHEM-101,A,2025-06-12 05:00:00,74
F25,CHEM-101,A,2025-06-12 09:00:00,77
F25,CHEM-101,A,2025-06-12 13:00:00,77
F25,CHEM-101,A,2025-06-12 17:00:00,78
F25,CHEM-101,A,2025-06-12 21:00:00,78
F25,CHEM-101,A,2025-06-13 01:00:00,79
F25,CHEM-101,A,2025-06-13 05:00:00,79
F25,CHEM-101,A,2025-06-13 09:00:00,79
F25,CHEM-101,A,2025-06-13 13:00:00,79
F25,CHEM-101,A,2025-06-13 17:00:00,79
F25,CHEM-101,A,2025-06-13 21:00:00,79
F25,CHEM-101,A,2025-06-14 01:00:00,79
F25,CHEM-101,A,2025-06-14 05:00:00,79
F25,CHEM-101,A,2025-06-14 09:00:00,79
F25,CHEM-101,A,2025-06-14 13:00:00,79
F25,CHEM-101,A,2025-06-14 17:00:00,79
F25,CHEM-101,A,2025-06-14 21:00:00,79
F25,CHEM-101,A,2025-06-15 01:00:00,79
F25,CHEM-101,A,2025-06-15 05:00:00,79
F25,CHEM-101,A,2025-06-15 09:00:00,79
F25,CHEM-101,A,2025-06-15 13:00:00,79
F25,CHEM-101,A,2025-06-15 17:00:00,79
F25,CHEM-101,A,2025-06-15 21:00:00,79
F25,CHEM-101,A,2025-06-16 01:00:00,79
F25,CHEM-101,A,2025-06-16 05:00:00,79
F25,CHEM-101,A,2025-06-16 09:00:00,79
F25,CHEM-101,B,2025-06-09 09:00:00,0
F25,CHEM-101,B,2025-06-09 10:00:00,1
F25,CHEM-101,B,2025-06-09 11:00:00,1
F25,CHEM-101,B,2025-06-09 12:00:00,2
F25,CHEM-101,B,2025-06-09 13:00:00,2
F25,CHEM-101,B,2025-06-09 14:00:00,4
F25,CHEM-101,B,2025-06-09 15:00:00,6
F25,CHEM-101,B,2025-06-09 16:00:00,6
F25,CHEM-101,B,2025-06-09 17:00:00,6
F25,CHEM-101,B,2025-06-09 18:00:00,6
F25,CHEM-101,B,2025-06-09 19:00:00,6
F25,CHEM-101,B,2025-06-09 20:00:00,7
F25,CHEM-101,B,2025-06-09 21:00:00,7
F25,CHEM-101,B,2025-06-09 22:00:00,7
F25,CHEM-101,B,2025-06-09 23:00:00,11
F25,CHEM-101,B,2025-06-10 00:00:00,11
F25,CHEM-101,B,2025-06-10 01:00:00,11
F25,CHEM-101,B,2025-06-10 02:00:00,11
F25,CHEM-101,B,2025-06-10 03:00:00,11
F25,CHEM-101,B,2025-06-10 04:00:00,11
F25,CHEM-101,B,2025-06-10 05:00:00,11
F25,CHEM-101,B,2025-06-10 06:00:00,11
F25,CHEM-101,B,2025-06-10 07:00:00,11
F25,CHEM-101,B,2025-06-10 08:00:00,11
F25,CHEM-101,B,2025-06-10 09:00:00,11
F25,CHEM-101,B,2025-06-10 13:00:00,11
F25,CHEM-101,B,2025-06-10 17:00:00,17
F25,CHEM-101,B,2025-06-10 21:00:00,17
F25,CHEM-101,B,2025-06-11 01:00:00,17
F25,CHEM-101,B,2025-06-11 05:00:00,17
F25,CHEM-101,B,2025-06-11 09:00:00,17
F25,CHEM-101,B,2025-06-11 13:00:00,17
F25,CHEM-101,B,2025-06-11 17:00:00,17
F25,CHEM-101,B,2025-06-11 21:00:00,19
F25,CHEM-101,B,2025-06-12 01:00:00,19
F25,CHEM-101,B,2025-06-12 05:00:00,21
F25,CHEM-101,B,2025-06-12 09:00:00,30
F25,CHEM-101,B,2025-06-12 13:00:00,30
F25,CHEM-101,B,2025-06-12 17:00:00,32
F25,CHEM-101,B,2025-06-12 21:00:00,32
F25,CHEM-101,B,2025-06-13 01:00:00,34
F25,CHEM-101,B,2025-06-13 05:00:00,38
F25,CHEM-101,B,2025-06-13 09:00:00,40
F25,CHEM-101,B,2025-06-13 13:00:00,43
F25,CHEM-101,B,2025-06-13 17:00:00,44
F25,CHEM-101,B,2025-06-13 21:00:00,48
F25,CHEM-101,B,2025-06-14 01:00:00,54
F25,CHEM-101,B,2025-06-14 05:00:00,54
F25,CHEM-101,B,2025-06-14 09:00:00,54
F25,CHEM-101,B,2025-06-14 13:00:00,63
F25,CHEM-101,B,2025-06-14 17:00:00,63
F25,CHEM-101,B,2025-06-14 21:00:00,63
F25,CHEM-101,B,2025-06-15 01:00:00,69
F25,CHEM-101,B,2025-06-15 05:00:00,69
F25,CHEM-101,B,2025-06-15 09:00:00,69
F25,CHEM-101,B,2025-06-15 13:00:00,69
F25,CHEM-101,B,2025-06-15 17:00:00,71
F25,CHEM-101,B,2025-06-15 21:00:00,71
F25,CHEM-101,B,2025-06-16 01:00:00,71
F25,CHEM-101,B,2025-06-16 05:00:00,73
F25,CHEM-101,B,2025-06-16 09:00:00,75
S26,CS-101,A,2026-06-01 09:00:00,4
S26,CS-101,A,2026-06-01 10:00:00,15
S26,CS-101,A,2026-06-01 11:00:00,20
S26,CS-101,A,2026-06-01 12:00:00,23
S26,CS-101,A,2026-06-01 13:00:00,25
S26,CS-101,A,2026-06-01 14:00:00,31
S26,CS-101,A,2026-06-01 15:00:00,31
S26,CS-101,A,2026-06-01 16:00:00,37
S26,CS-101,A,2026-06-01 17:00:00,37
S26,CS-101,A,2026-06-01 18:00:00,37
S26,CS-101,A,2026-06-01 19:00:00,39
S26,CS-101,A,2026-06-01 20:00:00,39
S26,CS-101,A,2026-06-01 21:00:00,39
S26,CS-101,A,2026-06-01 22:00:00,39
S26,CS-101,A,2026-06-01 23:00:00,39
S26,CS-101,A,2026-06-02 00:00:00,39
S26,CS-101,A,2026-06-02 01:00:00,39
S26,CS-101,A,2026-06-02 02:00:00,39
S26,CS-101,A,2026-06-02 03:00:00,39
S26,CS-101,A,2026-06-02 04:00:00,39
S26,CS-101,A,2026-06-02 05:00:00,39
S26,CS-101,A,2026-06-02 06:00:00,39
S26,CS-101,A,2026-06-02 07:00:00,39
S26,CS-101,A,2026-06-02 08:00:00,39
S26,CS-101,A,2026-06-02 09:00:00,39
S26,CS-101,A,2026-06-02 13:00:00,39
S26,CS-101,A,2026-06-02 17:00:00,39
S26,CS-101,A,2026-06-02 21:00:00,39
S26,CS-101,A,2026-06-03 01:00:00,39
S26,CS-101,B,2026-06-01 09:00:00,0
S26,CS-101,B,2026-06-01 10:00:00,1
S26,CS-101,B,2026-06-01 11:00:00,3
S26,CS-101,B,2026-06-01 12:00:00,6
S26,CS-101,B,2026-06-01 13:00:00,6
S26,CS-101,B,2026-06-01 14:00:00,6
S26,CS-101,B,2026-06-01 15:00:00,6
S26,CS-101,B,2026-06-01 16:00:00,6
S26,CS-101,B,2026-06-01 17:00:00,8
S26,CS-101,B,2026-06-01 18:00:00,8
S26,CS-101,B,2026-06-01 19:00:00,8
S26,CS-101,B,2026-06-01 20:00:00,8
S26,CS-101,B,2026-06-01 21:00:00,8
S26,CS-101,B,2026-06-01 22:00:00,8
S26,CS-101,B,2026-06-01 23:00:00,9
S26,CS-101,B,2026-06-02 00:00:00,9
S26,CS-101,B,2026-06-02 01:00:00,9
S26,CS-101,B,2026-06-02 02:00:00,12
S26,CS-101,B,2026-06-02 03:00:00,12
S26,CS-101,B,2026-06-02 04:00:00,12
S26,CS-101,B,2026-06-02 05:00:00,12
S26,CS-101,B,2026-06-02 06:00:00,12
S26,CS-101,B,2026-06-02 07:00:00,12
S26,CS-101,B,2026-06-02 08:00:00,12
S26,CS-101,B,2026-06-02 09:00:00,13
S26,CS-101,B,2026-06-02 13:00:00,13
S26,CS-101,B,2026-06-02 17:00:00,18
S26,CS-101,B,2026-06-02 21:00:00,22
S26,CS-101,B,2026-06-03 01:00:00,24
S26,CS-201,A,2026-06-01 09:00:00,1
S26,CS-201,A,2026-06-01 10:00:00,6
S26,CS-201,A,2026-06-01 11:00:00,10
S26,CS-201,A,2026-06-01 12:00:00,10
S26,CS-201,A,2026-06-01 13:00:00,10
S26,CS-201,A,2026-06-01 14:00:00,11
S26,CS-201,A,2026-06-01 15:00:00,14
S26,CS-201,A,2026-06-01 16:00:00,14
S26,CS-201,A,2026-06-01 17:00:00,17
S26,CS-201,A,2026-06-01 18:00:00,19
S26,CS-201,A,2026-06-01 19:00:00,22
S26,CS-201,A,2026-06-01 20:00:00,24
S26,CS-201,A,2026-06-01 21:00:00,24
S26,CS-201,A,2026-06-01 22:00:00,27
S26,CS-201,A,2026-06-01 23:00:00,27
S26,CS-201,A,2026-06-02 00:00:00,27
S26,CS-201,A,2026-06-02 01:00:00,30
S26,CS-201,A,2026-06-02 02:00:00,31
S26,CS-201,A,2026-06-02 03:00:00,31
S26,CS-201,A,2026-06-02 04:00:00,33
S26,CS-201,A,2026-06-02 05:00:00,34
S26,CS-201,A,2026-06-02 06:00:00,34
S26,CS-201,A,2026-06-02 07:00:00,34
S26,CS-201,A,2026-06-02 08:00:00,34
S26,CS-201,A,2026-06-02 09:00:00,34
S26,CS-201,A,2026-06-02 13:00:00,34
S26,CS-201,A,2026-06-02 17:00:00,34
S26,CS-201,A,2026-06-02 21:00:00,34
S26,CS-201,A,2026-06-03 01:00:00,34
S26,CS-201,B,2026-06-01 09:00:00,0
S26,CS-201,B,2026-06-01 10:00:00,3
S26,CS-201,B,2026-06-01 11:00:00,4
S26,CS-201,B,2026-06-01 12:00:00,4
S26,CS-201,B,2026-06-01 13:00:00,4
S26,CS-201,B,2026-06-01 14:00:00,4
S26,CS-201,B,2026-06-01 15:00:00,4
S26,CS-201,B,2026-06-01 16:00:00,4
S26,CS-201,B,2026-06-01 17:00:00,4
S26,CS-201,B,2026-06-01 18:00:00,4
S26,CS-201,B,2026-06-01 19:00:00,4
S26,CS-201,B,2026-06-01 20:00:00,4
S26,CS-201,B,2026-06-01 21:00:00,5
S26,CS-201,B,2026-06-01 22:00:00,5
S26,CS-201,B,2026-06-01 23:00:00,5
S26,CS-201,B,2026-06-02 00:00:00,5
S26,CS-201,B,2026-06-02 01:00:00,5
S26,CS-201,B,2026-06-02 02:00:00,5
S26,CS-201,B,2026-06-02 03:00:00,5
S26,CS-201,B,2026-06-02 04:00:00,5
S26,CS-201,B,2026-06-02 05:00:00,5
S26,CS-201,B,2026-06-02 06:00:00,5
S26,CS-201,B,2026-06-02 07:00:00,5
S26,CS-201,B,2026-06-02 08:00:00,5
S26,CS-201,B,2026-06-02 09:00:00,5
S26,CS-201,B,2026-06-02 13:00:00,5
S26,CS-201,B,2026-06-02 17:00:00,5
S26,CS-201,B,2026-06-02 21:00:00,5
S26,CS-201,B,2026-06-03 01:00:00,6
S26,MATH-101,A,2026-06-01 09:00:00,1
S26,MATH-101,A,2026-06-01 10:00:00,5
S26,MATH-101,A,2026-06-01 11:00:00,13
S26,MATH-101,A,2026-06-01 12:00:00,13
S26,MATH-101,A,2026-06-01 13:00:00,19
S26,MATH-101,A,2026-06-01 14:00:00,19
S26,MATH-101,A,2026-06-01 15:00:00,22
S26,MATH-101,A,2026-06-01 16:00:00,22
S26,MATH-101,A,2026-06-01 17:00:00,25
S26,MATH-101,A,2026-06-01 18:00:00,28
S26,MATH-101,A,2026-06-01 19:00:00,30
S26,MATH-101,A,2026-06-01 20:00:00,30
S26,MATH-101,A,2026-06-01 21:00:00,34
S26,MATH-101,A,2026-06-01 22:00:00,41
S26,MATH-101,A,2026-06-01 23:00:00,41
S26,MATH-101,A,2026-06-02 00:00:00,41
S26,MATH-101,A,2026-06-02 01:00:00,44
S26,MATH-101,A,2026-06-02 02:00:00,47
S26,MATH-101,A,2026-06-02 03:00:00,47
S26,MATH-101,A,2026-06-02 04:00:00,47
S26,MATH-101,A,2026-06-02 05:00:00,47
S26,MATH-101,A,2026-06-02 06:00:00,49
S26,MATH-101,A,2026-06-02 07:00:00,49
S26,MATH-101,A,2026-06-02 08:00:00,49
S26,MATH-101,A,2026-06-02 09:00:00,49
S26,MATH-101,A,2026-06-02 13:00:00,49
S26,MATH-101,A,2026-06-02 17:00:00,49
S26,MATH-101,A,2026-06-02 21:00:00,49
S26,MATH-101,A,2026-06-03 01:00:00,49
S26,MATH-101,B,2026-06-01 09:00:00,5
S26,MATH-101,B,2026-06-01 10:00:00,20
S26,MATH-101,B,2026-06-01 11:00:00,25
S26,MATH-101,B,2026-06-01 12:00:00,30
S26,MATH-101,B,2026-06-01 13:00:00,35
S26,MATH-101,B,2026-06-01 14:00:00,35
S26,MATH-101,B,2026-06-01 15:00:00,44
S26,MATH-101,B,2026-06-01 16:00:00,46
S26,MATH-101,B,2026-06-01 17:00:00,46
S26,MATH-101,B,2026-06-01 18:00:00,49
S26,MATH-101,B,2026-06-01 19:00:00,49
S26,MATH-101,B,2026-06-01 20:00:00,49
S26,MATH-101,B,2026-06-01 21:00:00,49
S26,MATH-101,B,2026-06-01 22:00:00,49
S26,MATH-101,B,2026-06-01 23:00:00,49
S26,MATH-101,B,2026-06-02 00:00:00,49
S26,MATH-101,B,2026-06-02 01:00:00,49
S26,MATH-101,B,2026-06-02 02:00:00,49
S26,MATH-101,B,2026-06-02 03:00:00,49
S26,MATH-101,B,2026-06-02 04:00:00,49
S26,MATH-101,B,2026-06-02 05:00:00,49
S26,MATH-101,B,2026-06-02 06:00:00,49
S26,MATH-101,B,2026-06-02 07:00:00,49
S26,MATH-101,B,2026-06-02 08:00:00,49
S26,MATH-101,B,2026-06-02 09:00:00,49
S26,MATH-101,B,2026-06-02 13:00:00,49
S26,MATH-101,B,2026-06-02 17:00:00,49
S26,MATH-101,B,2026-06-02 21:00:00,49
S26,MATH-101,B,2026-06-03 01:00:00,49
S26,LIT-150,A,2026-06-01 09:00:00,0
S26,LIT-150,A,2026-06-01 10:00:00,2
S26,LIT-150,A,2026-06-01 11:00:00,2
S26,LIT-150,A,2026-06-01 12:00:00,2
S26,LIT-150,A,2026-06-01 13:00:00,4
S26,LIT-150,A,2026-06-01 14:00:00,4
S26,LIT-150,A,2026-06-01 15:00:00,4
S26,LIT-150,A,2026-06-01 16:00:00,4
S26,LIT-150,A,2026-06-01 17:00:00,4
S26,LIT-150,A,2026-06-01 18:00:00,4
S26,LIT-150,A,2026-06-01 19:00:00,4
S26,LIT-150,A,2026-06-01 20:00:00,4
S26,LIT-150,A,2026-06-01 21:00:00,5
S26,LIT-150,A,2026-06-01 22:00:00,5
S26,LIT-150,A,2026-06-01 23:00:00,5
S26,LIT-150,A,2026-06-02 00:00:00,5
S26,LIT-150,A,2026-06-02 01:00:00,5
S26,LIT-150,A,2026-06-02 02:00:00,5
S26,LIT-150,A,2026-06-02 03:00:00,5
S26,LIT-150,A,2026-06-02 04:00:00,5
S26,LIT-150,A,2026-06-02 05:00:00,5
S26,LIT-150,A,2026-06-02 06:00:00,5
S26,LIT-150,A,2026-06-02 07:00:00,5
S26,LIT-150,A,2026-06-02 08:00:00,5
S26,LIT-150,A,2026-06-02 09:00:00,6
S26,LIT-150,A,2026-06-02 13:00:00,6
S26,LIT-150,A,2026-06-02 17:00:00,7
S26,LIT-150,A,2026-06-02 21:00:00,7
S26,LIT-150,A,2026-06-03 01:00:00,7
S26,HIST-101,A,2026-06-01 09:00:00,0
S26,HIST-101,A,2026-06-01 10:00:00,3
S26,HIST-101,A,2026-06-01 11:00:00,4
S26,HIST-101,A,2026-06-01 12:00:00,4
S26,HIST-101,A,2026-06-01 13:00:00,4
S26,HIST-101,A,2026-06-01 14:00:00,6
S26,HIST-101,A,2026-06-01 15:00:00,6
S26,HIST-101,A,2026-06-01 16:00:00,6
S26,HIST-101,A,2026-06-01 17:00:00,9
S26,HIST-101,A,2026-06-01 18:00:00,10
S26,HIST-101,A,2026-06-01 19:00:00,10
S26,HIST-101,A,2026-06-01 20:00:00,10
S26,HIST-101,A,2026-06-01 21:00:00,12
S26,HIST-101,A,2026-06-01 22:00:00,12
S26,HIST-101,A,2026-06-01 23:00:00,12
S26,HIST-101,A,2026-06-02 00:00:00,12
S26,HIST-101,A,2026-06-02 01:00:00,12
S26,HIST-101,A,2026-06-02 02:00:00,15
S26,HIST-101,A,2026-06-02 03:00:00,17
S26,HIST-101,A,2026-06-02 04:00:00,17
S26,HIST-101,A,2026-06-02 05:00:00,17
S26,HIST-101,A,2026-06-02 06:00:00,17
S26,HIST-101,A,2026-06-02 07:00:00,17
S26,HIST-101,A,2026-06-02 08:00:00,17
S26,HIST-101,A,2026-06-02 09:00:00,17
S26,HIST-101,A,2026-06-02 13:00:00,23
S26,HIST-101,A,2026-06-02 17:00:00,23
S26,HIST-101,A,2026-06-02 21:00:00,30
S26,HIST-101,A,2026-06-03 01:00:00,34
S26,CHEM-101,A,2026-06-01 09:00:00,0
S26,CHEM-101,A,2026-06-01 10:00:00,2
S26,CHEM-101,A,2026-06-01 11:00:00,5
S26,CHEM-101,A,2026-06-01 12:00:00,8
S26,CHEM-101,A,2026-06-01 13:00:00,8
S26,CHEM-101,A,2026-06-01 14:00:00,8
S26,CHEM-101,A,2026-06-01 15:00:00,8
S26,CHEM-101,A,2026-06-01 16:00:00,8
S26,CHEM-101,A,2026-06-01 17:00:00,8
S26,CHEM-101,A,2026-06-01 18:00:00,8
S26,CHEM-101,A,2026-06-01 19:00:00,13
S26,CHEM-101,A,2026-06-01 20:00:00,13
S26,CHEM-101,A,2026-06-01 21:00:00,13
S26,CHEM-101,A,2026-06-01 22:00:00,18
S26,CHEM-101,A,2026-06-01 23:00:00,18
S26,CHEM-101,A,2026-06-02 00:00:00,18
S26,CHEM-101,A,2026-06-02 01:00:00,18
S26,CHEM-101,A,2026-06-02 02:00:00,18
S26,CHEM-101,A,2026-06-02 03:00:00,19
S26,CHEM-101,A,2026-06-02 04:00:00,20
S26,CHEM-101,A,2026-06-02 05:00:00,20
S26,CHEM-101,A,2026-06-02 06:00:00,20
S26,CHEM-101,A,2026-06-02 07:00:00,20
S26,CHEM-101,A,2026-06-02 08:00:00,26
S26,CHEM-101,A,2026-06-02 09:00:00,26
S26,CHEM-101,A,2026-06-02 13:00:00,26
S26,CHEM-101,A,2026-06-02 17:00:00,31
S26,CHEM-101,A,2026-06-02 21:00:00,40
S26,CHEM-101,A,2026-06-03 01:00:00,47
S26,CHEM-101,B,2026-06-01 09:00:00,0
S26,CHEM-101,B,2026-06-01 10:00:00,1
S26,CHEM-101,B,2026-06-01 11:00:00,1
S26,CHEM-101,B,2026-06-01 12:00:00,2
S26,CHEM-101,B,2026-06-01 13:00:00,3
S26,CHEM-101,B,2026-06-01 14:00:00,3
S26,CHEM-101,B,2026-06-01 15:00:00,3
S26,CHEM-101,B,2026-06-01 16:00:00,7
S26,CHEM-101,B,2026-06-01 17:00:00,7
S26,CHEM-101,B,2026-06-01 18:00:00,7
S26,CHEM-101,B,2026-06-01 19:00:00,7
S26,CHEM-101,B,2026-06-01 20:00:00,7
S26,CHEM-101,B,2026-06-01 21:00:00,7
S26,CHEM-101,B,2026-06-01 22:00:00,7
S26,CHEM-101,B,2026-06-01 23:00:00,7
S26,CHEM-101,B,2026-06-02 00:00:00,7
S26,CHEM-101,B,2026-06-02 01:00:00,10
S26,CHEM-101,B,2026-06-02 02:00:00,10
S26,CHEM-101,B,2026-06-02 03:00:00,10
S26,CHEM-101,B,2026-06-02 04:00:00,10
S26,CHEM-101,B,2026-06-02 05:00:00,10
S26,CHEM-101,B,2026-06-02 06:00:00,10
S26,CHEM-101,B,2026-06-02 07:00:00,10
S26,CHEM-101,B,2026-06-02 08:00:00,10
S26,CHEM-101,B,2026-06-02 09:00:00,14
S26,CHEM-101,B,2026-06-02 13:00:00,14
S26,CHEM-101,B,2026-06-02 17:00:00,14
S26,CHEM-101,B,2026-06-02 21:00:00,14
S26,CHEM-101,B,2026-06-03 01:00:00,14
